x1;x2;x3;x4;x5;x6;x7;x8;x9;y;prob1
-0,278454024964;-0,0335717718375;0,537493298921;-0,339407704479;-1,56009578379;1;0;1;0;1;0,985162227095
1,13133721341;-0,693414663276;-0,167578033784;-0,870917714357;0,664480470526;0;0;1;0;0;7,99319626907e-07
-0,61116591668;-0,806482655703;0,165903101579;-0,561343472177;0,0743993511919;1;1;1;1;0;3,47070897354e-07
0,532989286826;0,914752241003;0,0216805208981;-1,12465771102;0,0403178822322;0;0;0;0;0;0,0437772681939
0,460591349478;0,759540706238;0,200261948609;0,612873622598;-0,0689971962824;1;0;0;0;1;0,999999999993
-1,41202579266;0,989702208129;-1,71489505384;-2,67816441082;0,280998469151;1;0;1;0;0;0,00615507192706
-0,414339947919;0,630239829654;1,2812861265;-2,48652390438;-1,11246012229;1;0;0;0;1;0,988942974992
-0,698420667594;-0,591017164454;-0,646441834619;-0,817055357055;0,394815020131;1;0;1;0;0;0,12092116878
0,273766491037;1,14038682513;1,58946914996;0,355587157078;-1,16124993961;0;0;1;0;0;0,0437796816113
0,249824719927;0,948159302552;-0,973247350475;-0,564930211034;-0,846664387483;1;0;0;1;1;0,999999998703
-1,01857538311;1,03654800994;0,34911241218;-0,593169037912;-0,153233959963;1;0;0;0;0;0,977387364351
1,16838387307;0,653495765694;-1,73858076137;-1,04326069445;0,615152238315;1;0;0;0;1;0,999999980015
-0,212150532082;1,09524438185;-0,940039838457;-0,248303830601;-0,242671297918;0;0;1;0;0;0,0056110081773
1,25381492107;0,721220807113;-1,12910954274;0,647860636698;0,0581058397408;1;1;1;0;0;0,0434118363783
0,0697662309003;0,956080621428;-0,986336317053;-0,65381300132;-0,168516631588;0;0;0;1;0;0,0265894814853
-0,113639895506;-0,119689664133;-1,13397290517;-0,315117614833;-1,26924504211;1;0;0;0;1;0,999994208397
-0,162421942479;-0,526935321377;-2,56169696298;1,08720419758;-0,751552073946;0;0;0;0;0;0,00809621502563
-0,483780625709;0,761639507647;-0,670748026053;-0,331398650182;-0,929032489888;1;0;1;0;1;0,999999568649
1,2079619983;0,464091233852;0,574872884002;0,772565368614;-0,174462244847;1;0;0;0;1;0,999999999054
0,3978422088;-0,0359400297907;-0,97610570365;0,661470374681;0,270059578028;1;0;0;0;1;0,999999772519
0,673253863355;0,192369646744;-0,636686379475;-0,464882764514;1,16681337456;1;0;1;0;1;0,999999890263
2,16895596534;-0,260832243834;-0,31027096548;1,20624313871;1,30909768204;1;0;1;0;1;0,967648104684
0,382305142546;0,352826406418;-0,666705010075;-0,325129316662;0,263617951041;1;0;1;1;1;0,999999993978
-0,217974914658;-0,162926710698;1,10970808177;-0,459238429621;-1,8254953999;1;0;0;0;1;0,991867745491
-0,095487590445;0,188849315057;-0,878539839568;0,900771211455;-0,482042490431;0;0;1;0;0;0,00591541637075
2,29307897383;0,0735986090079;0,436374262193;-0,680687428866;1,37208530087;1;0;0;0;1;0,999982985891
1,24642390866;0,273235703067;-0,466765303533;0,214424248544;0,126642533268;0;1;1;1;0;1,00000009947e-07
-0,0792117092586;0,904758893695;1,59529386747;1,51988229295;-2,13764149986;0;0;0;0;0;0,0437117998782
-0,42249683234;-0,982370635938;1,48220189073;-0,590464655327;1,44276824077;1;0;0;0;0;0,013985315555
0,665159875746;-0,190358977592;0,863724842719;0,566919054335;-0,493880053555;1;0;0;0;1;0,999982638168
0,701355901564;0,285589580243;-0,704140337218;0,350226959507;0,229785936336;1;0;0;1;1;0,999999999358
-0,155345347144;1,0281740474;1,23003167283;0,691599611796;1,03188963185;1;0;0;1;1;0,999999993716
-0,230177489483;-1,03995504377;0,236937879128;-0,327757132786;0,650113188667;1;0;0;0;0;0,00141958059648
-1,3952743498;-0,279882397143;-0,893515834402;-0,616901564233;-1,53369411787;0;0;1;1;0;1,082735036e-05
-0,109710321176;0,882234567818;-0,891613786811;1,02230365754;0,178738701782;1;0;0;0;1;0,999999993846
-0,316415868197;-0,823418613776;1,20619647521;-1,18313396551;0,898576833356;1;0;1;0;0;0,169927637955
0,821581081637;0,93560368378;-0,907934699242;0,70300179515;-0,430168767897;1;1;0;0;0;0,0437078670189
1,22408179744;2,79739114696;-0,835999305853;1,36392195568;1,83947679495;1;0;0;1;1;0,967698425185
-0,402884835299;-1,31345091652;-0,0599182013482;-0,362426925315;0,994200366162;1;0;1;1;0;1,33092487551e-05
-0,0608219546601;1,22456031207;1,56771674995;1,42721172295;0,686284539494;0;1;1;0;0;2,13541004247e-06
-1,95820517466;1,03374967645;-0,903603205337;-1,37496040815;-0,587903989669;1;0;0;0;0;0,000572257746123
2,00248273029;0,083022157636;0,452802442421;0,666470562339;0,889356785183;1;0;1;0;1;0,994856270546
-0,591892102213;0,870434029845;2,54290445686;0,300715141684;-0,548452682937;1;0;1;0;1;0,967661103099
-2,21063311058;-0,914597072828;-0,70184582841;-1,04396345037;0,578400488855;1;0;0;0;0;1,98078437001e-06
-0,19415240932;-0,366904910634;-0,135307406049;0,152151396072;0,633189247404;1;0;0;1;1;0,964175909723
-0,236279568941;0,606930136161;0,0012071839381;-0,213349405511;0,503793482023;0;0;1;0;0;0,00274832696601
0,917174917641;-0,500719097965;0,485414460894;1,59488598465;-0,163795855729;0;0;1;1;0;0,0003901394715
-2,60169967026;-1,60083999638;0,850890302294;-1,31288137013;0,412912128628;1;0;0;1;0;2,94233654084e-07
-1,99274848869;-1,43356217991;0,981698772648;1,10696849849;-0,127406724329;1;0;0;1;0;1,00000009947e-07
1,94585121773;0,414308164108;0,243096329528;1,73050131428;-0,0896303158723;1;0;0;0;1;0,999999665023
-0,557215481942;-0,112391961337;-2,07799243134;-1,9030769771;0,0369392685018;0;0;0;0;0;0,00713772763404
1,95529396549;-0,852525670315;-1,01645624133;-0,020622229229;-0,122534387113;1;0;1;0;0;0,00137517809453
-1,66794193659;0,083930679515;-0,420298275494;-0,150392803618;-0,188922789115;1;0;0;0;0;0,00174432402382
0,821506780449;-0,219111376802;-1,12539685767;-0,529590169613;0,270847411651;1;0;1;1;1;0,986167938055
1,84326625458;-1,96498233271;0,410572221753;-0,010524012401;-0,704595797036;1;0;1;0;0;1,00000009947e-07
-1,04167329429;0,259217949214;1,35066841;0,0478644721568;-0,434114796823;1;1;1;1;0;5,46130696775e-05
-0,221326153167;-1,27549670675;-0,240785063614;0,057200343775;0,463791381563;0;0;0;0;0;1,00000009947e-07
-1,02642090031;-0,244883779093;0,226852003567;1,66917040967;-0,506104326334;1;0;1;1;0;0,0197250258852
0,0892072230733;1,12566760522;0,530875663154;-1,40343255381;-0,903266023923;1;0;1;0;1;0,999999954787
0,116637283583;0,885112455058;-1,11677637555;-0,152998328695;2,41505639306;1;0;1;0;1;0,995668469416
0,636569674034;0,348834970177;0,112831694983;-1,18381043442;-1,64807616548;1;0;1;0;1;0,999997262644
-0,489870453138;0,753295047849;-0,869460450959;0,40736908548;2,33752882268;0;0;1;0;0;0,00268936810504
-0,466655353623;-0,494480875483;-0,0210075354337;0,302298495797;-1,52463453963;0;0;1;0;0;1,95908918049e-05
-0,324685911491;2,06470428414;-0,49635760735;-0,992955765989;-0,492727604294;1;1;0;0;0;0,000823628016246
-1,86022757422;-1,16739603226;-0,0766213726152;-0,59070048331;-0,101653371125;1;0;0;0;0;6,39659687042e-07
1,12500274583;-0,830108574327;-0,324489176475;-1,2503120602;0,247834608669;0;0;0;0;0;7,39826413688e-07
1,3011759922;1,34262392001;0,0541979571096;-0,169009987215;-1,99762732818;1;0;1;0;1;0,999999973043
1,9507210064;1,05872312583;0,731773364129;0,877530983969;-0,895383046063;0;0;0;0;0;0,02479345849
0,553917653538;0,266918250873;-0,0428929778976;-1,59529150957;1,08664196732;0;0;0;1;0;0,0437190963865
0,58299140568;1,76936591703;-0,456296359001;2,15373357488;0,116494123723;1;0;0;0;1;0,999999148323
3,24103993494;-0,115221709422;-0,274129717351;-0,906378995284;0,106131768782;1;1;0;0;0;0,0437525609401
0,79760065759;2,41363327147;0,505233058579;-1,48223225273;1,40980089885;1;0;0;0;1;0,98623774838
0,33220257895;0,591061909412;0,47945188124;-0,432476067022;-0,968386578638;1;0;0;0;1;0,999999999855
-0,893207570055;0,903076085955;1,16378660375;-1,08947042325;-0,0854377496312;1;0;0;0;1;0,992593304663
-0,19588924883;0,56839853087;-2,32925346286;-1,40789548336;0,945405729852;1;1;0;1;0;0,017569667037
-0,601506708007;-0,749668584084;-1,22974677471;0,734512927461;-0,132874384428;0;1;0;0;0;1,00000009947e-07
0,0547365250574;1,1438354288;1,78330681834;0,110537304022;-0,511773942224;1;0;1;0;1;0,999999962417
0,589835922959;0,14180745922;-2,02323110391;-0,182194333186;0,274832480308;0;0;1;0;0;0,0242173219802
0,6886402541;-1,13689311169;0,12703860635;0,574503005108;-1,2242106328;1;0;1;0;0;0,00020354731186
-1,15616739426;-0,455033540239;0,753617652724;1,28520823437;1,15152892329;1;0;1;0;0;0,00153997160955
1,08461700867;-0,329041970527;-0,130421889949;-0,631284950403;0,141199612995;1;0;1;0;1;0,836496521587
0,0246749828261;-0,0703769215878;-0,207215645256;-1,0690518045;-0,627184549895;0;0;1;0;0;0,000483039731509
0,151680504509;-1,68854247459;0,49138322287;-0,105388415642;-1,16898434303;0;0;0;0;0;1,00000009947e-07
1,07051603678;0,255164762454;-0,445505642122;1,26749748403;1,62446909298;1;0;0;0;1;0,999999980168
-0,573560270768;0,787676725359;-0,288449295921;-0,961794026765;1,60318075444;0;0;1;0;0;0,00426150683796
0,825379862759;-1,42021949167;1,64178447088;0,815603462122;1,13933307605;1;0;0;1;0;4,28140607909e-05
-0,656742925361;2,47874580136;0,572135777806;-0,0744828631417;0,333595621234;1;0;0;0;1;0,966224078001
1,62688121419;2,21446531934;-0,692465145303;0,856214879377;2,05410707312;1;0;1;1;1;0,992778226247
-1,25864862806;-1,70296483515;0,872931663855;-1,27106502138;-0,664178443147;0;0;0;0;0;1,00000009947e-07
-0,380226520288;-1,31999652649;0,19566450356;0,125382426231;-0,680450203123;1;0;0;1;0;1,67449929415e-05
0,00285604762223;0,68347362098;-1,20077712678;0,403620734272;-0,295900576371;1;0;1;0;1;0,999999998492
1,01283433584;0,434468298133;-0,948535060055;0,660500810354;1,15321130232;1;0;1;1;1;0,999999997741
0,464967990786;0,1264124161;-1,20335093347;0,30528731625;-1,59789551872;1;0;0;0;1;0,999999916567
0,651193281588;0,11000912344;0,799914606641;-0,622302116574;-1,11020718374;1;0;0;0;1;0,999999827283
0,535398840868;0,925546098499;0,330839221414;0,479237258969;0,508708466508;0;0;0;0;0;0,0437703605687
0,56298953322;-0,331545758201;-2,25653485625;1,07410152344;0,595038671127;1;0;1;0;1;0,967666508749
1,64084616598;-1,20086932821;0,485982433974;2,56440930061;-0,019471857856;1;1;1;0;0;7,98056887811e-06
-0,349650387954;-0,0435694858115;-0,307840173189;2,02792411707;0,201738895092;1;0;1;0;1;0,960806139629
0,649791867154;0,868339647699;0,354289689078;-0,222474087449;0,103023621831;0;0;0;0;0;0,0262769958481
-0,951618567265;0,160277539993;0,455805198946;-0,0719510219818;-1,16976792603;1;0;0;0;1;0,930027064322
0,105676194149;-0,0701942243054;-0,384798672297;-0,702651640434;-0,54611202208;1;0;1;1;1;0,994033112275
0,134038645368;-0,072486909952;-0,169259774532;1,98924365381;1,53571787982;1;0;0;0;1;0,99436207971
-0,53090652217;-0,746678941046;-0,651567164764;2,23199711011;-0,371738277193;1;0;1;0;0;0,028396253788
2,45806049187;0,505700131931;0,710110231784;2,37283847853;-1,64010000475;0;0;1;0;0;0,0437586750704
1,31782088371;1,29306948602;-0,528747614635;1,62398016005;0,684869475042;1;0;1;0;1;0,999999992316
1,66599089999;1,35866576877;-1,11072398833;0,0578507042482;1,92120815461;1;0;1;0;1;0,999998587602
-0,829477611625;1,27907258321;0,545635528242;0,616122843298;0,770818671694;1;0;1;1;1;0,967716345179
1,63356842141;-0,100116525893;-1,24022784904;-3,12908819139;0,606090117308;1;0;0;0;1;0,967683848666
-1,26068287882;0,167940980736;1,38051749339;0,433158964583;-0,26639060255;1;0;1;0;0;0,00749880125552
0,871964954079;-0,868224047271;0,0139036583034;0,609702193643;0,635338733866;1;0;1;0;0;0,00888881742585
1,73863376691;1,59848754832;1,7021397092;-1,49734909157;-0,384444162473;1;0;1;0;1;0,999999431853
1,49606066985;1,42432310967;0,205630061497;0,215199005611;0,319055295918;1;0;0;0;1;0,999999999601
0,756774763796;-0,503525286934;0,880273220604;-0,345802025217;0,138729601683;1;0;1;1;0;0,459038998253
-0,592997365655;1,10683742067;2,47560586187;-0,416915573563;-0,837443806426;1;0;1;0;1;0,989611038861
0,568288620777;0,435090459248;0,0602104326151;-0,980497735371;-0,98938257557;1;0;1;0;1;0,999999961026
1,48377948874;0,555204061863;-0,65446053033;0,547294217368;1,10252557067;1;0;0;0;1;0,999999999459
-0,741336096273;-0,100013958939;-1,60571805762;-1,15141589768;0,518684257568;1;0;1;0;1;0,876012049978
1,0164552177;2,27347291299;-0,0796694097452;0,435595444257;0,474278292026;1;0;1;0;1;0,999998912257
-0,81866977752;1,37544111232;0,257065337065;-1,07382112975;-1,27578726415;0;0;0;1;0;0,00235848334219
0,589982679367;-1,10108174172;0,0463197241836;0,440309141403;-1,03077397231;1;0;1;0;0;0,000181375182493
0,0471544327615;-0,262670503362;-0,774217543896;0,264011434381;-0,596338058925;1;0;1;0;1;0,991169976197
-0,352453199228;-0,0937232337609;-0,465705956439;-1,66854171403;0,992909100969;1;0;1;1;1;0,967707266812
1,65517581574;1,5495553274;0,192006998204;0,458815574442;-1,54609608135;1;0;0;0;1;0,999999872155
0,516862044314;-1,28871623535;0,37434522326;0,168024801248;0,272110814194;1;0;0;1;0;2,21428968358e-05
-0,517982430168;-0,515411199745;0,00483176592536;-1,21548799679;-1,15966477035;1;0;1;0;0;0,120600670783
0,641830027652;-0,375170753061;-1,19170888523;0,493842855094;-0,729108845461;1;0;1;0;1;0,971684674598
-1,18155922706;-1,42618467292;0,563262281636;1,7476949879;-2,20782705839;1;1;0;0;0;2,48504422621e-07
-2,03768249444;-0,656243128417;0,722656926346;1,45885698111;0,0788285553783;1;0;0;0;0;1,00000009947e-07
-1,35090268603;-0,870577245261;-0,272030117171;-1,55363634293;0,610770202238;1;0;1;0;0;0,00152142641091
0,0779608495637;-0,443749311867;-0,464481896508;-0,0264957619664;-0,932327589304;1;0;1;0;1;0,85479091173
1,5384301989;-0,701505236841;-1,11691813121;-1,4232943895;-0,163726665586;1;0;0;0;0;0,0437058013319
0,170588081841;0,448607097707;1,04786224592;0,318990398967;0,037701804745;0;0;0;0;0;0,00891127957521
-1,05859053595;-0,250414052311;0,103362814931;1,08646279809;0,82276142816;1;1;0;0;0;9,23510674802e-06
-0,190516802043;0,78443824528;-1,05062867965;1,601563455;0,227793843711;1;0;0;0;1;0,999999371318
-0,0540281250854;0,294353388437;0,6233609019;0,481837360399;0,354804415625;1;0;0;0;1;0,999999988656
-0,265145056696;0,851524681506;-0,326353571908;-0,897925784148;1,29299293501;1;0;0;1;1;0,999999937748
0,563867390306;-1,41856694284;-0,539746145028;-1,03594269374;2,20977517791;1;0;0;0;0;0,000121928518913
-1,66747509759;-0,484319087566;-0,900507220548;-2,00434764907;1,6846086733;1;0;1;0;0;0,00436273031867
-1,07179122648;-0,162483131903;0,180822010712;2,23560276858;0,285286018572;1;0;1;0;0;0,00766607017501
-0,597330091363;-0,332422844567;-0,513955735696;0,293346436715;-0,344776981723;0;0;0;0;0;3,63043515947e-05
-0,026018634774;-0,849174603633;0,732572641958;-0,106397594204;-0,189466034412;1;0;0;0;0;0,0241848386116
1,01494317274;-0,146427487848;-1,91895177171;0,793932838572;0,038534226822;1;0;1;1;1;0,996782646874
-1,16961526041;-0,158030705178;0,279735034291;0,714400058203;-1,88275450185;0;0;1;0;0;4,84043849082e-06
-0,127148606826;-0,328506572568;-0,611379118365;0,0131204272855;-1,80778009716;1;0;1;0;1;0,947799454903
0,310230256061;1,11336271736;-0,456571640834;0,922317518472;-0,667302144758;1;0;0;0;1;0,999999999895
-0,215380507642;0,385154823687;-0,0470493466531;-0,175058128284;0,169278549215;1;0;1;1;1;0,99999982611
-0,709200762582;-0,582401674605;-0,635694531135;0,694761817862;1,1077228977;1;0;0;0;0;0,0436918821092
-0,0110458298094;0,637956367411;-0,302073501137;-1,2710478831;-1,82483093838;1;1;0;0;0;0,0354666651779
-0,380471001012;1,82218882184;-0,312280694435;-0,168059235328;1,38059132989;1;0;1;0;1;0,985891355712
-2,46589819376;-0,768417027015;-0,422872006586;-0,52529457264;-1,92088504995;1;0;0;1;0;1,04639219248e-06
-1,0396803527;-0,117290714715;0,78840378603;-0,411125620177;0,655762571951;1;0;1;1;0;0,184533189197
0,43652347891;-1,77865914874;1,0912626503;1,23610916552;1,10937999764;1;0;0;0;0;3,04705931628e-07
0,056016733275;-0,783097595712;0,846271470268;0,279077037786;0,0670106043901;1;1;1;0;0;6,69782487216e-07
0,617985817167;-0,992928349756;0,910490371996;0,725490691458;0,315063222248;1;0;0;1;0;0,00812437997865
0,23363361409;-0,241790642655;1,29100897954;-0,989612002141;-1,05339701037;1;0;0;0;1;0,992076371883
-0,0820869037757;0,120340526823;-0,0930010885902;-2,01781926811;0,499962209076;0;0;1;0;0;0,0208465724333
-0,865512862653;-0,467925973925;1,08516888443;-0,300924303869;1,32539797093;1;0;1;0;1;0,0827805250814
-0,947474614185;-1,43684344366;-0,776251590567;0,594702688121;0,0354345655918;0;0;1;0;0;1,00000009947e-07
0,06424355663;0,928662738847;-0,577898941085;1,34131625877;-0,0327291610704;1;1;1;1;0;0,0437305072317
-0,76948492289;-0,608621618434;-0,663547355537;0,0705485417926;-3,137384528;1;0;1;0;0;0,0437116893633
-0,450338623925;1,58043183699;-0,676770530438;0,602459332749;0,421503008939;1;0;0;0;1;0,999993496926
-0,0560559461863;-0,989532202289;0,736333814552;0,302361385183;-0,17313650309;1;0;0;1;0;0,00463642083594
-0,64511395686;0,341157868422;0,79205947788;0,0543192874307;-0,0817449271679;1;0;0;1;1;0,999989534415
-0,647045631318;-0,499600189816;0,225879221818;-1,17862518856;-0,539922449848;0;0;1;0;0;1,16647463762e-05
0,884650498977;0,398362715629;0,275979011383;-0,355779410672;1,29963841109;1;0;0;0;1;0,999999998951
1,2356934623;-0,694936825235;-1,03872776072;0,373889488899;-1,1624332134;1;0;1;0;0;0,0587998720166
0,031526004594;-0,448234189266;-0,0997203693834;0,726076067921;-0,534844330403;1;0;0;0;1;0,950131624778
-1,94295641358;-0,390374082007;1,65182870431;-0,163941021678;-0,0385537561204;1;0;0;0;0;1,25897470728e-05
-1,46064007092;-0,767989573093;0,0382128770535;-0,368555639794;0,561899116459;1;0;0;0;0;0,000163313286309
-0,295157800884;0,421147173037;-1,56374070757;0,585722003945;-1,90435779127;1;0;1;1;1;0,997215244976
0,144475704711;-0,551870413273;2,07174151289;0,415709689724;2,92382395013;1;0;1;0;0;0,0437117336748
0,990262246044;-0,555652889939;-0,363738560816;-0,0395195372514;0,645281929503;1;0;1;0;0;0,356536424694
0,260361490737;1,42081681358;-1,39101698282;0,390576088768;-1,18362070635;1;0;0;0;1;0,99999997903
0,318390260408;3,29051744332;0,345861674158;-0,568073072207;0,0340745981039;1;0;0;0;1;0,967688653106
0,95536563973;1,95906415618;0,964931532613;1,43374253552;1,46235284119;1;0;1;0;1;0,99998535073
0,562041390099;1,31432066592;0,078726292443;-1,58001110881;1,45103564876;1;0;0;0;1;0,999999978865
0,818828136532;0,151832330355;-0,610085731544;-0,85771856175;1,12770217137;1;1;0;0;0;0,0207287032953
0,43028469636;-0,116358439877;0,175396078649;0,0888929425311;-0,386863691314;1;0;1;1;1;0,999982405981
0,394394847981;0,617250302722;0,826789248522;-1,82442858731;0,301728112721;1;1;0;1;0;0,0437636826532
-0,395797950289;1,10901875547;0,725505461366;1,3910960882;1,46142509399;0;1;0;0;0;1,09986262435e-05
-0,573973479298;0,419583039296;-0,188839311604;0,16110662602;-0,978402832216;1;0;1;0;1;0,999983333874
-1,79028123726;0,620663557729;-1,42711135295;1,2527481969;-1,57070706217;1;0;0;0;0;0,000349693120035
0,98605822106;-1,12734724085;1,31783561305;-0,0120532862537;-1,69993221571;0;0;0;1;0;2,05802978178e-05
-0,693094614011;-3,0478608898;-1,64905677246;0,852585748521;-1,4593043614;1;0;1;0;0;1,00000009947e-07
0,586735339093;0,238071491563;1,11522864969;1,24267702195;0,215454744346;1;1;1;0;0;0,01021805595
-0,686852851894;0,685198238051;2,04601885213;0,609824296161;-1,1929685183;0;0;1;0;0;0,00114408207856
-0,0450277248089;-0,273962374775;-1,14557290709;0,734458203313;-0,557080376688;1;0;1;0;1;0,991698885192
0,310480749443;-0,0100976719525;0,283600225801;0,534670732983;0,377467977221;1;0;1;0;1;0,999998812709
1,53261062619;1,04062315291;-0,0518040820004;-0,768595101873;-0,555612312584;1;0;1;0;1;0,999999996109
-0,875255477496;-0,337680640667;0,494631297629;0,909263365393;0,722604398667;1;0;0;1;1;0,321789171169
-0,138891362439;-0,730509672808;-0,787182478973;0,305685155514;0,720195648695;1;0;0;0;0;0,121553658396
1,6756969324;0,825790831665;-0,374402425652;0,196424148878;-1,48600746435;0;0;1;0;0;0,0186329580776
1,3995761854;0,899544753321;0,0736199590039;-1,48325220728;-0,952345799283;1;0;0;1;1;0,999999970309
0,78981792182;-0,856281403403;-1,10533356065;0,300296912049;-0,333022248777;1;0;1;0;0;0,0101934541292
-0,390684978639;0,634250253707;-0,413069207837;0,895706193349;-0,885435444171;1;0;1;0;1;0,999999249652
-1,0995509417;0,20403097983;0,17464337496;1,67136844844;0,198680207048;1;0;1;0;0;0,0436943743795
-1,85261682424;1,69010697003;-0,0922300081018;0,616992709957;1,01214376625;1;0;1;1;0;2,81768012252e-05
-0,491031166057;0,535137960496;0,585991612306;-0,710800295204;0,0635472785679;1;0;1;0;1;0,999997800926
0,276315532136;0,048053084053;-0,210320814229;0,0508606797201;-1,48537404711;1;0;0;0;1;0,999999896904
1,12507189228;-0,403710317962;0,329541739887;-0,645086569893;-0,465325060093;1;1;0;1;0;2,90807614479e-05
-1,49869825453;-0,224125999053;2,02279460124;0,0696712063142;0,790937635335;0;0;0;0;0;1,99747305822e-06
0,190230315692;0,421884693274;-1,58945511359;-1,07763260721;-0,871469943088;1;1;0;0;0;0,0437590057298
-1,0241287906;-2,00545781824;0,12157231482;-0,121524925643;-0,779596108965;0;0;1;0;0;1,00000009947e-07
0,882465164397;0,761309895394;0,421931174137;-0,263158284121;0,599824655782;1;0;0;0;1;0,99999999998
0,0745511771737;0,943224468386;-0,205746143818;-0,357801185527;0,343609622635;0;0;0;0;0;0,0196872571433
1,09683901315;-0,891521574354;-1,3243207115;-1,02254160386;-0,992158187398;1;0;0;0;0;0,00275460786886
0,314057663506;0,662254296935;-0,456296893545;-0,803597865158;0,652347233454;1;0;0;0;1;0,999999999889
-1,65104889569;-1,31938531334;-0,710417122208;-0,558288003324;-0,584189408986;1;0;0;0;0;1,51413734238e-06
0,378167772209;1,30526153635;3,02210418529;-1,64112944133;0,118175117961;1;0;0;0;1;0,992859763578
0,636124035182;-0,898021203467;0,31847988554;-0,819023245343;0,483314635182;1;0;0;0;0;0,0120682088778
1,63905190875;1,63675734917;0,304872111305;0,703787584478;0,185534561178;1;0;0;0;1;0,999999990269
-1,07420660953;0,925511236116;-2,20386847858;0,617616257223;0,390407377124;1;0;0;0;0;0,335367635253
-0,727383529088;-0,338701983664;-0,518615722214;-1,00586489803;-0,465118741895;1;0;1;0;1;0,56857797326
-1,84847277534;0,876431264977;-1,27914012291;-0,997570805415;-1,46661662752;1;1;1;0;0;7,35366118219e-06
-0,581067380566;0,19352484547;-0,130008455897;-1,04730028301;-0,617535389142;0;0;0;0;0;0,00242949415998
-1,45082431349;0,64346864052;1,49297171304;-0,106292768823;0,569773368027;1;0;1;0;0;0,00345927497499
-0,380956739294;0,969434395709;-1,36662329717;0,137003753629;0,138225403264;1;0;1;0;1;0,99999941872
1,37000399397;0,819628137504;0,908637825733;1,71949292605;-1,1792119321;1;1;1;0;0;0,0437719087298
-0,728219111191;-0,192560211042;-2,00612003132;-0,932649556193;1,74568499212;0;0;1;1;0;0,000618603805478
0,825922901647;0,513983786448;1,58625545541;-0,396963325734;0,162420018099;1;0;1;1;1;0,999999932261
0,216152541801;-1,55785490387;0,614481250043;-0,283973587039;-0,109286874358;1;0;0;0;0;1,01334209078e-07
0,00269166123012;0,27701125166;0,967796788248;-1,20303834151;-0,941603766118;1;0;1;0;1;0,999997562532
0,865779404334;-0,208570162416;-0,177971989093;0,522720628104;-0,166695812608;1;0;1;0;1;0,993481136341
-1,45884941444;1,47431379972;-0,494905476776;1,51375863443;-0,845512772514;1;0;1;1;0;0,00070615387436
-1,93850470145;-2,16260814557;0,502545254667;0,692097306934;-1,51123341901;1;0;0;0;0;1,00000009947e-07
0,412769497194;-0,470408874743;-1,28188764412;-0,494699035305;-1,18344198624;1;0;1;0;1;0,759636591187
0,742297024187;1,49682170963;-1,38555799043;-0,151085950935;0,413538663208;1;0;0;1;1;0,99999999016
1,84386200523;-0,52467119947;1,02413950666;0,317331844798;-1,700788083;0;0;1;0;0;0,000240243008531
1,02025301216;-0,826547225637;0,0773429033211;-0,227291151312;0,849013844909;0;0;0;0;0;6,46946555866e-07
-1,31080153333;-0,863608950614;0,209578828892;-0,228611237873;-0,435330216065;1;0;1;0;0;2,22342989347e-05
-0,0735560191365;-1,08611824061;-0,483135068652;-0,368684340899;-0,0328780548059;0;0;1;1;0;1,00000009947e-07
0,174726396982;0,442464772146;-2,84854676989;0,153781366544;1,47840798244;1;0;0;0;1;0,967655549914
0,787133614323;1,71904181385;0,739859438246;-1,47545512099;-1,25714158968;1;1;0;0;0;0,0437014730233
0,647513357978;-1,0311644919;-0,317376455269;0,201719599168;-1,22312208394;1;0;0;0;0;0,00209074564178
-0,284773007051;0,514230120231;0,871229240582;-0,596546431488;-1,35594279846;1;1;0;0;0;0,0261930713472
-0,0899751970157;0,0766436635945;1,06096624029;-1,42847458672;-0,850418042258;1;0;1;0;1;0,995127907375
-0,734799251921;0,536242818358;-0,501982169604;0,683297132018;-0,170650755658;1;0;1;0;1;0,987566216367
0,0072900903169;-1,72712103665;0,551402005081;-0,152545773298;0,0464198809006;1;0;0;0;0;1,00000009947e-07
0,967267260168;0,111620498197;1,24299900805;-1,43491267164;0,606569514039;1;0;0;0;1;0,999999716788
0,0721667524148;0,207171974218;1,73223869638;-1,00677729019;-0,379227415297;1;0;0;1;1;0,999999254995
-1,61403945662;0,010961842799;-0,743938496851;1,17912968355;0,326996719049;0;0;1;1;0;1,00000009947e-07
-0,0867141349819;0,753916341883;-0,193405134857;1,31665945128;-0,284012580696;1;0;1;0;1;0,999999981743
0,84643628558;0,73668553125;1,44495717206;-0,524706366282;-0,850439447988;1;0;0;1;1;0,999999999613
1,36860228401;-0,951679543017;1,52988221249;-1,47256043761;1,26631293073;0;0;0;0;0;0,00012038402321
0,227291921673;-0,280676279714;0,149938747281;0,469312616008;2,13425460541;1;0;1;0;1;0,967691249196
0,213957979642;-1,12067849929;1,8690093405;-0,307454889661;-0,21580072358;1;0;0;0;0;0,00159328701311
-0,506333542189;0,426014362615;-0,0407969264501;-0,262678090015;-1,98512889481;1;0;0;0;1;0,999998810405
1,21458879448;1,09457820784;-0,20898894882;-1,9732613241;0,707469331515;1;0;0;1;1;0,999999950406
-1,1198997214;0,878250416185;-0,831528899544;-0,128191449344;0,750488542156;0;0;0;1;0;6,76290008679e-05
0,215941568744;0,557730982055;0,23659550186;-0,505063521991;0,592780708088;1;0;1;0;1;0,999999999325
-0,0713080861236;-1,56842462075;0,630080976552;-0,293386742787;2,50176509606;1;0;0;1;0;0,000205858485761
0,0597499373846;0,856785473778;0,222735689035;-0,639733037532;-0,618144042624;1;0;1;1;1;0,999999996265
0,153373117837;1,41527634992;-0,0696018363604;-2,17835530609;-1,3998606481;1;0;0;0;1;0,993569196658
-0,688008616467;0,342888392897;0,235749032414;0,402639185315;0,766162876775;1;0;0;0;1;0,996340991791
0,748081162494;1,27660161875;-0,61174222903;0,250899225803;0,301600444868;1;0;1;1;1;0,999999999929
0,644376548519;-1,69186241488;-0,119774031216;0,842619843915;1,09093512803;1;0;0;1;0;4,30063063596e-07
-0,65377982476;0,0547927844726;0,0616864978979;0,670240018934;0,60644747456;1;0;1;0;1;0,94139601831
0,712842320031;-0,771501441101;-0,727753325969;-0,866128522961;-2,19971757796;1;0;1;1;0;0,0334914752356
-1,32295111276;-0,967031902669;1,16965543651;-0,339967488178;-0,0617882821038;1;1;1;0;0;1,00000009947e-07
0,504126254592;0,209785890431;1,94661810027;0,591884173719;0,354738794936;0;0;0;0;0;0,00604114260128
-0,0143074131669;-1,18279950678;0,77561884208;0,806859181812;-0,133879522065;1;0;0;0;0;0,000158997371207
-1,04168885899;-0,808755144962;0,92003334947;1,46883036184;-0,502192713879;0;0;0;0;0;1,92019812951e-07
-1,88632515873;-1,0908687618;0,930979056343;0,00696295872373;-0,59771794195;0;0;0;1;0;1,00000009947e-07
0,400771450594;-1,21871181629;0,441293124843;-1,70906016868;-2,02362702276;1;1;1;1;0;2,31990230333e-07
-1,31701613231;-1,93444407073;1,11546255344;-0,969113640407;-1,49673280807;1;0;0;1;0;2,98894904126e-07
1,23247587849;0,268102869998;-0,580503496722;0,518119835351;0,961010037636;0;0;0;0;0;0,0270838292797
0,300038545206;0,478366147794;0,0925629378272;-2,65966937974;0,0578393567246;1;0;1;1;1;0,991731383668
-1,05251327934;0,354352196449;0,411351933691;-0,228406203687;0,552018613629;0;0;1;0;0;1,36244525544e-05
1,11464854536;-0,00815215232554;-1,4272674471;-0,925823567991;0,541640912126;1;0;0;1;1;0,999996388357
-1,08758071408;0,0385235990753;0,0333768426274;1,00771668611;-0,281042036473;1;0;1;0;0;0,0599136857725
1,0255713697;-0,450934647057;-1,63483238485;1,07623819644;1,05367298231;1;0;1;0;1;0,907409344926
0,989971608627;-0,290567886165;0,49234655315;-0,27007414756;0,100049582246;1;1;0;0;0;6,22113887392e-05
-0,016002527208;-0,582528773997;-0,887296992757;-1,10654436043;0,574483137039;1;0;1;1;0;0,257029780453
-1,12460367126;1,42509827747;3,42109460836;0,0483094604458;0,339038070554;1;0;1;0;0;0,0301560748526
0,451504053079;-0,09616320108;-0,4233448084;0,42520759964;-0,154839559706;1;0;0;0;1;0,999999633485
0,993503855962;1,76990410989;1,049540713;-1,56796313114;0,0962712490459;1;0;0;0;1;0,999999892185
2,43022665234;-1,54608859425;0,493898085742;0,960255353783;1,59578333479;1;0;0;0;0;0,000263238748974
-1,96170759889;1,38110033085;1,13712909056;0,329200587575;-0,108270386699;1;0;1;0;0;2,38208585691e-06
-1,3880490476;-0,311474545456;1,14401684593;0,0758369731576;-0,751862790606;1;0;1;1;0;0,000679068099423
-0,996780742208;-1,26219454939;0,838735792432;0,532223347385;-0,00299321217346;1;0;1;0;0;8,54108170381e-07
1,04908662656;1,30137267283;0,696628740831;-0,564277936786;-0,980103654491;0;0;0;0;0;0,0437018654539
0,457357331625;0,907551706018;-0,151552534412;-0,636273493529;0,341243420634;1;0;0;0;1;0,999999999988
0,320402314317;-0,619615052707;0,177691497868;0,618532251784;-0,135680412515;1;0;0;0;0;0,649359795298
-0,895947822756;0,366114382932;-0,0244273788869;1,12926459541;1,22218335238;1;0;1;0;1;0,684439903345
1,24991457097;0,908447698792;0,0719608443656;-0,214611972064;0,84701928166;1;0;0;0;1;0,999999999959
1,36813264803;-1,77901419088;-0,196572207001;1,83802787019;-0,639834830369;1;0;0;1;0;1,01990695377e-05
0,38602656835;-0,0687656423038;-2,54193110114;-0,747420182763;0,616962045311;1;1;0;0;0;0,0190444872638
-0,322746361825;-0,667867842174;1,33897466778;1,83265771671;0,371556455073;1;0;0;1;0;0,161721794285
-0,476246894616;1,0966616331;-0,658681856605;0,401294135811;-0,33834589246;1;0;1;1;1;0,999996162935
-1,19862235907;-0,0619226576195;1,31688376872;1,89559699317;-1,18310978507;1;0;1;1;0;0,00826633000199
-1,3511003857;0,277446817035;-0,429180153773;1,21450578995;-0,126638161399;1;0;0;1;0;0,00742911881255
-1,51606762315;-0,593864562445;0,882678068364;-0,502841451951;1,25015505558;1;0;0;0;0;0,00136485608479
1,09660847172;1,22223670146;-0,665141472933;1,00365847167;1,71648527265;1;0;1;0;1;0,999999989297
-0,294095327156;1,01253719377;-1,19921192197;0,0447285363233;1,46673353907;1;0;0;0;1;0,999996295934
0,711601922486;-0,0600132533333;-0,468072564336;0,605893415387;-2,84301789503;1;0;0;0;1;0,996961199454
0,684309429416;0,414700706778;1,03212798487;-0,391287301787;-0,958567467506;0;1;1;0;0;1,67096460501e-07
-0,694706978921;-1,02234732858;0,0459937666619;0,00951589246488;1,85782124242;1;0;1;0;0;0,000929950018198
1,90910356922;1,57914556181;0,385425894821;-0,699961879182;0,0565460066373;1;0;0;1;1;0,999999984043
0,146417178668;0,783277510302;1,70380587238;-0,611022543416;0,242249032302;1;0;0;0;1;0,999999992596
-0,759398117299;0,472300562193;-1,26531215026;0,590351151686;-0,359607281443;1;0;1;0;1;0,988399718528
-0,791313878819;-0,455771062779;-1,94601344555;-0,173451330152;-0,980278646483;1;0;0;0;1;0,868827958186
0,428166764971;-0,109317123186;0,390019728843;-1,28320386362;-0,353092740361;1;0;0;0;1;0,999990646674
1,10992028971;-0,822501412808;-0,846555519092;-1,42008804484;-0,350154112917;1;1;1;0;0;1,04795930369e-07
-1,33877428723;1,9022097714;0,504932697728;-2,83937616691;1,48023793951;1;0;1;0;0;0,0136198112811
-0,799513953577;0,448768189235;-0,388600519992;-1,39868047846;1,14414109742;1;0;1;1;1;0,970827415361
-0,72306596994;-1,48792618736;-1,21451438389;0,58319774919;-2,22640748599;1;0;1;0;0;3,45760078134e-05
-2,05324722154;-1,02298384215;-2,50816635204;-0,913638069138;-0,30926717717;1;0;0;0;0;0,000443964744277
-0,275945168426;-0,315936931242;0,966189292227;1,31689292486;-0,875318548778;0;0;1;0;0;7,23744828781e-05
-0,185202169401;0,741500892086;0,621637174991;0,21974742968;-2,10038657302;1;0;1;0;1;0,999999862095
2,03757401824;-0,000384648716024;-1,82288726903;1,04509363913;0,0392422368473;1;0;0;0;1;0,996237560347
0,123854243845;0,716331619499;0,218495462279;-1,51590013106;0,146021703841;1;0;0;0;1;0,99999999899
-0,732853806297;-1,07867886267;-0,679536488943;-0,265667025139;0,46666628729;1;0;0;0;0;0,000218711793656
0,1176465971;-0,643194791594;-0,0475961169784;-0,635206048873;-0,0473326599206;1;1;0;0;0;3,38567243934e-06
1,07494507727;-0,532934737323;0,238716819751;-0,749450708751;-0,462754276401;0;0;1;0;0;1,22705325541e-06
0,683745521851;0,849806647511;-1,05912444601;0,402574906183;0,229145399274;0;0;1;0;0;0,0437670251613
-0,388779864072;-0,00763687041997;-1,78616962824;-0,406090232626;1,09631206214;1;0;0;0;1;0,96771255497
0,0667008709302;0,11553210426;0,14339373098;0,889500197272;-1,62846899969;1;0;1;0;1;0,99999908492
1,16525338995;-0,183858310546;0,136714574061;-0,779880243419;0,651828959763;1;0;1;0;1;0,98304377458
0,849643045633;-0,109037509169;1,14401532569;-0,773844309533;0,77796949501;1;0;1;0;1;0,996188667955
1,1107114182;-1,03589288442;0,860947143394;-0,697797127022;-0,196656586146;0;0;1;0;0;1,00000009947e-07
1,05271146558;0,510273251139;-0,322513573178;0,350228478678;0,0750448352632;1;0;1;1;1;0,999999999729
-1,61788270829;2,42448914116;-0,929714216785;-0,17564823406;0,562233812465;1;0;0;0;0;0,000174850993363
0,156702987376;-0,351591888879;0,241859803342;0,390638832603;0,986158368247;1;0;0;0;1;0,98735240677
-0,108280091234;-0,283405314982;1,98220971243;0,35978035427;-0,389590456232;1;0;0;1;1;0,967739935835
0,967859209947;-1,21634730789;0,359307953731;-1,79458430935;-0,782293586541;1;0;1;0;0;4,98677840332e-06
0,286424419629;1,04037701934;-0,630552416864;-1,47264943678;1,583178361;1;0;0;1;1;0,99999985679
-0,866037744672;-0,201796664913;1,20537791583;-1,94852696812;0,494910618258;1;0;1;0;1;0,945187205553
-1,62185825912;-0,338883669537;1,71013967532;0,794883533832;-0,727834639229;1;0;0;0;0;9,17345368673e-05
0,165321021242;-1,17951862914;1,34518001902;0,567101587438;-1,8451908393;1;0;1;0;0;0,00227362811715
0,0209835863542;-0,0517182128949;-0,648299296516;0,32640267178;-0,0557766266686;1;0;0;1;1;0,999998306455
-1,36403745208;0,837629934232;0,282074067985;0,533685008357;1,20042237059;0;0;0;1;0;5,21962223907e-05
0,632960713031;-0,701804433539;-0,370146624363;-0,495919045927;-1,49352037264;0;0;1;0;0;1,68706181556e-06
-1,06782370599;-0,164090004135;0,130006761402;0,72559860782;2,0435043021;1;0;1;0;0;0,0437505834638
-0,414015863042;-2,33594733186;1,1630593392;-1,36184763274;-0,202126635484;1;0;1;0;0;1,00000009947e-07
0,276872458862;-0,661615734836;1,30181266697;1,4357788618;-0,215988701887;1;0;1;0;0;0,186410231305
-1,68591645454;1,24370701858;-0,134347985548;0,624053470473;-1,68526239503;0;0;1;0;0;1,62048627353e-07
0,37963948276;1,48193401588;1,11291512762;-0,138762940342;1,44870575011;1;0;0;0;1;0,999999980582
-2,05222282043;-1,8636669825;-0,0471078362764;-1,18738065486;-0,38093558943;1;1;1;0;0;1,00000009947e-07
-0,2357003591;0,484099387953;0,74119471952;1,22151568781;-0,523353123311;1;0;0;0;1;0,999999740075
-1,0155925786;0,362352157636;-0,96481928948;1,32441739036;-0,793507485144;1;0;0;1;0;0,229692880485
0,237430272491;-0,58363944056;-1,3126050562;-0,407652916022;1,08867161825;0;0;1;0;0;3,35186817943e-05
-1,26506123461;2,41620737315;-0,643681105896;-0,184526498265;0,375642260185;0;0;1;0;0;3,76732344694e-07
-0,458365332711;-0,77762144287;0,444400296923;2,6537407286;-0,973213955736;1;0;1;1;0;0,0304187782198
-1,09849000709;0,947793980717;0,323121002575;2,8948543908;-1,81251474525;0;0;0;1;0;5,5682303145e-05
-1,01411417266;1,5373275355;-1,5962830795;-1,8147070853;0,836662040401;1;0;1;0;0;0,043745469336
0,403290331221;0,0895132277628;-0,64792596472;-1,36602541859;-1,06976068196;1;0;1;1;1;0,993304265063
2,05008468563;1,77910266685;-0,601521948838;0,146811992725;-0,946189816731;0;0;0;1;0;0,0247788381562
0,324304344161;0,681829690403;0,209629277872;0,857447324947;-1,09564527433;1;0;0;0;1;0,999999999877
1,65090746734;-0,489532871212;-0,962178270242;-0,234463430687;-0,060425971926;1;0;0;0;1;0,671798789383
-0,0775389667912;-0,76832387849;-0,245641935334;2,59949170568;1,22277702923;1;0;1;0;0;0,0437356419761
-1,56528176503;-0,535553582294;-0,501391057937;-1,09939099821;1,54930379091;0;0;0;0;0;7,05605483094e-06
-0,0296939710498;-1,55907516443;-1,28932068916;-0,39362532443;-0,890281200483;1;0;0;0;0;1,36757647248e-06
0,156155707275;-0,340753540941;-0,530038313429;0,497826152387;-0,131003819225;1;0;0;0;1;0,990740626698
0,0377883991711;-0,575859567913;-0,160798367746;-0,219861458507;0,99670095379;1;0;1;0;0;0,524998619136
-2,64314895203;0,263806013605;-1,25544427798;-0,136112156594;-0,716633027699;0;0;0;0;0;1,00000009947e-07
-2,07848926886;0,13629519921;0,0286581970793;-0,49730005518;-0,426199321603;1;1;0;0;0;1,00000009947e-07
-0,17905159438;-0,652404366499;-0,996491243787;-2,94987178428;0,0500653563276;1;0;0;0;0;0,0437001041003
-0,239029068153;-0,817174965568;-0,527692077355;-0,430071756633;-0,772935917727;1;0;0;0;0;0,0517106671684
-0,267706421557;0,309046645447;1,03908851261;-0,531111479265;0,65077396541;1;0;0;0;1;0,999999809976
0,373241434166;1,62265979576;1,47578697474;0,420861380723;-0,325507791608;1;0;0;0;1;0,999999998048
0,703523902757;0,438721750587;0,133744634878;0,760301142439;0,972019277592;1;0;1;1;1;0,999999999395
1,37857013696;-1,96866155667;0,394970677706;0,917362355389;0,308495292568;1;0;1;0;0;1,00000009947e-07
-0,616435842874;-0,295107830706;0,490961412826;-2,31866188967;1,29479689862;0;0;1;0;0;0,043708565476
0,373004655805;-1,85169172955;0,173361502856;-0,138951121806;-0,404328026762;1;0;0;0;0;1,00000009947e-07
-0,372438756104;0,278294913305;-1,22465855193;0,0938221556595;0,218915228576;1;0;1;0;1;0,999998250338
0,0345510671339;0,446313016638;-1,03351133547;0,769852741782;-1,42476658017;0;0;1;0;0;0,0437111183536
-1,21394447024;2,81608427602;-0,0571041609666;0,169847045523;-1,10300468278;1;0;0;0;0;0,0436998192712
-0,873071000417;-1,09330076397;-1,09958583286;-1,11482614498;-0,227631250525;1;0;1;0;0;0,000319772420288
-0,199889828101;0,558103293949;-0,75719862268;0,595069071311;0,860888491075;0;0;0;0;0;0,00989845356518
-0,163284932229;-0,126778159792;-0,0841799664769;1,2784550165;-0,747853894851;1;1;0;0;0;0,000696578072613
0,886749037096;1,56581433706;-0,0584290512452;1,76226244398;-0,630200289883;0;0;0;0;0;0,0284785374709
-0,205299257468;1,90013633489;0,404690656238;-1,02389991827;-0,556743932301;1;0;1;0;1;0,99998785538
0,911209676771;1,0829556808;-0,0583631400767;-0,0444719203915;1,5647374594;0;0;1;0;0;0,0436948044981
-0,752688968218;-0,321606069888;-0,185332289684;2,18417322839;0,912744882661;0;1;0;0;0;2,00399637965e-07
2,32086022399;0,761102487095;2,22752968352;0,150213367684;-0,460631493696;1;0;1;0;1;0,994288429919
0,358855723093;0,163761406847;-0,488747725688;0,397543921416;1,9185805797;1;0;1;1;1;0,999999675989
0,608779011735;1,41023922112;1,25804225003;0,59313010134;-0,341587648008;1;0;1;0;1;0,999999997916
0,385280401126;0,33262173147;-1,07790734011;0,485399428386;-0,203278916015;1;0;1;0;1;0,999999998197
-0,101883255715;-0,438563462059;0,183485516942;-0,178463862456;1,34974274115;1;0;1;0;1;0,864847765879
0,226324942381;0,998290023052;-1,02239845622;-0,209374034942;-0,780451694936;1;0;1;0;1;0,999999999512
1,13939629171;1,11627285824;-0,424865175189;0,689167319023;3,23554281654;1;0;1;1;1;0,995174130116
0,707588353836;-0,63756876508;-2,29802640031;0,124836065396;0,23852639929;0;0;0;0;0;0,000421615382538
-1,10148343894;1,57134693498;-1,40944081364;-0,307179864752;1,46152195522;1;0;1;0;0;0,0270648485798
0,607964322225;0,957164274192;-0,76621422279;-1,72636125387;0,0524980457692;0;0;1;1;0;0,0437570187182
-0,624567473618;-2,60403817061;-0,293613387012;0,90759176821;-1,85209740278;0;0;1;0;0;1,00000009947e-07
2,57145814587;0,40848850484;-0,0980529020065;-0,196685815877;-0,967552745503;0;0;0;0;0;0,0272992181063
-1,00563625951;0,393566372995;0,0602535760787;0,535026842684;1,01128638626;1;0;1;0;0;0,575232978448
-0,463987242966;1,29542579083;-0,211244627718;-0,0220150362401;0,891898666518;0;0;0;0;0;0,00235971240986
-0,472791407728;1,74924736314;0,680758638017;-0,34902547966;-0,942643151608;0;0;1;1;0;0,0026594144449
-1,69210152087;-0,034593505799;-0,273224175602;-0,224143134033;0,503221026912;1;0;1;0;0;0,000168235350441
0,37114795976;-0,280740054504;1,45390062123;0,851062197179;-0,167695281953;1;0;0;1;1;0,990488270895
0,0530042267305;0,457786957945;0,37368480443;1,00802466769;-1,15361378714;1;0;0;1;1;0,999999996807
1,01067796451;1,60421218162;-1,94006920167;-1,14060970386;0,313168525562;1;0;0;0;1;0,999996333067
-0,301746663866;-0,239067759455;-0,352180864911;0,91701535728;-0,394021000136;1;0;1;0;1;0,967727153044
2,30506198205;0,248959432712;-1,67846782105;-0,81934271316;-0,621258548098;1;0;1;0;1;0,981490492254
-0,522912376313;0,207480407355;0,335850688825;-0,902854978743;-1,00232204198;1;1;0;0;0;0,00258469820609
1,15293622556;1,25674782036;1,89201063251;-0,800882335189;-0,0402454328148;0;1;0;0;0;8,01797025935e-06
0,435288948908;0,849695891083;-0,060386554121;0,680655637101;-0,33354077549;1;0;0;0;1;0,999999999992
-0,710406563699;0,91599205794;-0,200147012716;1,09348038421;1,06528488522;1;0;1;0;1;0,974998294215
0,639491997901;0,613922964194;0,534513388284;1,58218645567;-1,19265860478;1;0;0;0;1;0,99999999662
2,00668069083;-0,304590923147;0,571634626645;2,1565298234;-2,37947638574;1;0;1;0;1;0,967681323056
0,769052294996;0,888073700912;0,376423588723;-0,824595488544;-1,27941767071;1;0;0;0;1;0,999999999583
2,38292669523;-0,138615019461;-0,236683939496;-0,945056502792;-0,821321707081;1;0;1;1;1;0,967708634737
-1,31822072746;0,200146875275;-0,728253258424;-2,33328737734;-0,707935194371;1;1;1;0;0;0,000145986161865
-0,213307143233;-0,736771539351;0,144417271263;-0,446968711845;-1,94694947947;1;0;0;0;0;0,180311636625
-1,13920063997;1,1632145439;2,45899120349;0,944225289377;1,50985485798;1;0;0;0;0;0,0437060305099
0,784170879094;-1,42845961222;0,55171083746;2,16566298935;-0,682169375643;1;0;0;0;0;0,000376127497057
0,289344028817;-0,16810752211;0,461004079384;0,139471132631;0,248256394147;1;0;1;0;1;0,994908048394
-0,0333303422759;-0,453997700639;-1,20219764682;0,231803133442;-1,0555026816;1;0;0;0;1;0,967667769079
0,178190188418;1,42057530488;-1,48276130576;0,48282559387;0,94785037173;0;0;0;0;0;0,0175384294306
-2,15764633502;-1,07364299075;-0,774315249588;-0,421548024007;-0,622689767959;1;0;1;0;0;1,04037549963e-07
0,92226746788;-0,0711267337209;-2,0637142574;0,73509162962;0,659703276388;1;0;1;1;1;0,996866550266
0,883302819949;-1,99258577124;-0,444932544042;1,28480081506;-2,4885274308;1;0;1;0;0;3,05925361145e-06
0,751061302606;0,627068743115;-0,53398405723;-0,277366227607;-0,980177626888;1;0;1;0;1;0,999999999143
-0,219050378933;-1,99153817604;0,645646746356;0,776495901541;0,387628403916;0;0;1;0;0;1,00000009947e-07
1,29408390615;-0,786235919995;-0,593948909367;0,713595097677;0,491372928475;0;0;0;0;0;4,98410478254e-06
0,813400374079;0,256559480955;-0,176943367782;-0,427571822018;-0,714736528439;1;0;1;1;1;0,999999947308
-0,273248106812;1,11138040702;-2,37367085605;0,101772041722;0,0550690875835;1;0;0;0;1;0,999989960257
-1,4211084475;-0,431723745038;1,03640262445;0,502179059686;0,129821068768;1;0;0;1;0;0,00115526586973
-0,453197829995;-0,00581771387999;1,72700883321;1,10328832396;1,18298161074;1;1;0;0;0;0,00417031876042
0,118144511047;-1,36483169721;0,455966217539;-1,1490261106;-0,57280593164;0;0;1;1;0;1,00000009947e-07
0,863648434158;1,02320175527;0,653823170915;-0,99829866587;-0,749025766059;1;0;1;0;1;0,999999999299
0,298227591541;-2,01868865908;-0,359385718166;-0,999154704327;-0,0352199893647;1;0;0;0;0;1,00000009947e-07
-0,627906076039;1,01724924908;-0,468696015002;-0,639619829899;-0,142643497669;1;0;1;0;1;0,999989945815
-0,131874911824;0,65479458287;-1,84357246606;-0,766729248337;0,168755803793;1;0;0;0;1;0,99999988166
1,18718681065;-1,75130208309;1,6346403548;-0,20714875529;0,446986972333;1;0;1;0;0;1,00000009947e-07
-1,22898617755;-1,2408535858;-0,107399749074;1,23170354307;-0,158113544897;1;0;1;0;0;5,3509344333e-07
-1,72830451532;0,209632833061;0,593408907818;-0,91386627421;-0,0248566438012;1;0;0;0;0;0,00623996706537
0,256883709157;0,80062235651;0,387820244769;-1,49124250514;1,48702703437;1;0;0;0;1;0,999999995595
0,664415863694;1,88283979239;1,2228807496;-1,51198461058;-0,286229169578;0;0;0;1;0;0,0421676902838
-0,781739711532;-0,749408444463;-0,621042494957;0,511162949781;-1,9256937735;1;0;0;0;0;0,0437577358772
-1,0927872091;0,423645045572;0,371994945423;-1,70894706617;-0,875533900687;1;0;1;0;0;0,585656800016
0,60537066893;1,76202090344;-0,370350704115;1,87233174864;-0,158338330946;0;0;1;0;0;0,014316787497
1,97541905402;-0,290159119806;-1,32815619806;-0,262894843236;0,447831638138;1;0;1;1;1;0,96768942228
-1,45897072854;-1,29873199485;-1,3952057783;-0,0125469747796;-1,70863333603;1;0;1;0;0;2,08738553903e-05
0,457462079357;1,93975599194;0,0256592130799;-0,0235244885614;1,47246617375;1;0;0;0;1;0,99999996155
-0,603531247788;-0,00750278370972;1,93382128196;0,160819359449;-2,21526238485;1;0;1;1;1;0,967673267412
-0,00406065343634;0,540502660915;1,09476867869;0,377517395775;-1,16228473908;1;0;1;1;1;0,999999986054
-0,0833690664718;0,0557647746125;-0,994479836178;-2,1791652812;-0,402155077823;1;0;1;0;1;0,96766527201
2,1614158463;-0,243644883639;0,785118531044;0,212695033841;1,16680080615;1;0;0;0;1;0,967677074455
0,207381157385;0,873668679606;-2,3283596327;0,559297162979;-1,08880098388;1;0;0;0;1;0,999999948022
-0,457760533241;0,427775678363;0,37189488202;-0,0420905845473;-1,04711359063;0;0;0;1;0;0,00764150453815
-0,285845423591;-1,13662618778;0,702009423049;-0,909335306191;-0,21776624383;1;0;0;0;0;0,000538188106006
-0,783515789013;-0,523341682684;-1,68160070977;1,16741884048;1,38422224664;1;0;0;0;0;0,00569274009967
0,541284143482;0,505861498831;-0,302888049154;0,284409588673;0,320515432417;1;0;0;0;1;0,999999999978
-1,18528881059;-1,0397825414;0,560611806017;0,819982366815;-0,845603468531;1;0;1;0;0;4,05150962037e-06
1,85991086154;0,838219387278;0,74047345311;0,461566093811;0,48209487169;1;0;1;0;1;0,999999922293
-1,35984070382;0,548774960444;-0,295271709137;0,63472863406;0,0545550789314;0;0;0;0;0;1,27844155688e-06
0,411429920616;-0,00358030839978;0,742382274585;-0,869954917301;0,48618286488;1;0;1;0;1;0,999998380296
1,21810861033;-1,99407878733;-2,01251977796;-0,577421344918;-0,226077238948;1;0;1;0;0;1,00000009947e-07
2,55302611346;1,05920687267;-0,445919957955;-1,59511082921;0,000603359390359;1;0;0;0;1;0,999999896554
0,301313651718;-0,998538406004;-1,0037397112;0,928532701143;-0,703785066537;1;0;0;0;0;0,0161896241077
-0,560475646552;-0,995798724851;-0,51160372219;-0,150307477864;0,19654977656;1;0;0;0;0;0,00103967701861
0,864152486226;1,57785197879;-0,630105782923;0,897374477733;0,949803349503;1;0;0;0;1;0,999999999387
0,624187472021;-0,218593816856;-0,524372042598;-0,248033265602;-0,0815573625761;0;0;0;0;0;0,000227834899561
-0,830811527336;-1,88143147028;-0,14404875051;0,647746596961;-0,0576426334268;1;0;1;0;0;1,00000009947e-07
0,426464221477;-1,19693521219;-1,09321743652;-0,761426888665;-0,952976638746;1;0;1;0;0;1,40617867833e-05
0,046733527518;1,35711964685;2,05476070605;1,5586637811;1,28460132177;1;0;0;0;1;0,995411723583
1,48403093156;0,536148975786;0,818407774848;-0,425911201283;-1,09100027665;1;0;1;0;1;0,999999919064
0,895125661045;-0,954448935188;0,587559463498;-0,602030747228;-0,983938483895;1;0;0;0;0;0,0019782230113
0,754053785185;1,43976125837;-0,610737257677;1,80678937404;-0,089814251249;1;0;1;0;1;0,999999981608
0,562267345403;-2,62932544155;0,340894898598;-1,05513659066;-0,382259076213;0;0;1;0;0;1,00000009947e-07
-0,575346962608;-0,624928387542;-0,123617978997;0,411350679073;-0,311766536687;1;0;0;1;0;0,121214237996
2,29961936115;2,01129297985;0,27318852934;-0,575375757571;1,81861838674;0;0;0;0;0;0,0134065431768
-1,54875280423;-0,806452822692;-0,0704153139057;0,671853873401;-0,666139482738;0;0;1;0;0;1,00000009947e-07
0,0651539325793;0,171631506925;0,828464029728;0,25888517665;0,771469878691;1;0;1;0;1;0,999999043408
-0,0973692675131;-0,238248695903;2,04195545999;-0,234026743813;0,44423598404;0;0;1;0;0;0,000272503031327
-0,102346513521;0,851856403293;-0,0845909401383;-0,780501608586;1,21431502307;1;0;0;0;1;0,999999997585
0,299086903336;-1,14331625591;0,823616626218;-1,04182477574;-0,813952668017;1;1;0;1;0;1,13604793156e-07
0,884250820028;1,05724021271;0,730815610007;1,61657603604;0,528537449563;1;0;1;1;1;0,999999996893
-1,7510675194;-1,88167865415;1,83415571752;0,552947651208;-0,0285917181661;0;0;1;0;0;1,00000009947e-07
-1,1231085832;-1,02040059068;-0,52323215438;-1,37756706406;-1,04362586511;1;0;1;1;0;6,73887069617e-05
-0,844583428536;-0,168250200756;1,654740844;1,65773610025;1,21069157199;1;0;0;0;1;0,337244885039
0,539790605536;-1,07057053489;-0,645232545818;-2,08116411927;-1,22214879072;1;0;1;0;0;2,55314627991e-05
-0,227684064896;-0,112863239429;1,36938766955;1,94328489677;0,982565049225;1;0;0;0;1;0,967668865061
2,12845189902;0,166781288354;-1,4896440849;1,17066727473;1,09363612667;1;1;0;1;0;0,0437292619152
0,206294044843;-0,345981339155;0,14149455835;-0,455366722349;0,259566728753;1;0;1;0;1;0,952546592214
0,90443546445;-0,503866933037;0,46917784767;-0,985350251538;-0,686687437167;1;0;1;0;0;0,218842743833
-0,0914342755501;0,882922749626;1,53823566132;-0,0858915513422;-1,16169686834;1;0;0;0;1;0,999999995756
0,962527968484;0,6120834609;-0,0393923499715;-0,286765201435;1,06496900018;1;0;1;0;1;0,999999999436
1,59850877115;1,29132330446;0,783595407834;-0,122163599187;0,410310613259;1;0;0;0;1;0,999999998336
0,659902638143;-0,635323077218;-0,188981575771;0,333196336107;-0,982083465583;0;0;0;0;0;9,78792881767e-06
-0,287340799841;-0,991396812531;0,333671031664;0,309441561744;-0,494181843877;1;0;0;0;0;0,00174018005617
-1,25127136162;1,45281728229;-0,923208042027;-0,0107680770138;-0,652818422046;0;0;1;0;0;3,12096503244e-06
-0,774144929605;0,451952116737;0,633333595569;-0,959330253589;0,495119681899;0;0;1;0;0;0,000635310926963
-1,13730362067;-0,784144004843;-0,321358418661;-1,6119363569;-0,364166389785;1;1;1;0;0;2,71775823479e-06
0,100919859013;1,03102518167;-0,51098098509;1,47743008578;1,24699040808;1;0;1;0;1;0,99999996107
0,276274556543;1,58745413986;0,39787711306;-0,122741393064;-0,0363299297187;0;0;0;0;0;0,0115597643665
0,230616830631;0,762651146326;0,443522714401;0,0546095741367;-0,925845864288;1;1;0;0;0;0,0437806365964
-1,06349790638;1,67652231195;-0,231168508635;-2,38579275089;2,52239807043;1;0;1;0;0;0,0437653916584
-2,07075107054;-0,874781377194;1,01900809628;-0,246528493011;-0,112160842701;1;0;0;0;0;3,57279433788e-07
-0,197264869076;-1,05107322618;0,765024386769;-1,58133763298;-1,4425626848;1;0;1;0;0;0,00031594880019
1,02467323482;0,768081304692;-0,509070404137;0,213605953503;-0,41292548495;1;0;1;0;1;0,999999999847
-0,350917827193;0,554143932569;0,546711841395;0,161990769975;-0,934275894674;1;0;0;0;1;0,999999974465
-0,0951474508493;2,12721355249;-0,475621395339;-0,128786668055;1,25779662068;0;1;0;0;0;3,11094590279e-07
0,126315858459;0,292558684946;-0,560485986656;0,617651459021;1,26276162797;1;0;1;1;1;0,99999996107
1,82853045814;-0,242583267705;-0,921029235203;0,711861517362;0,21692478938;0;0;1;1;0;0,00270800977962
0,310450080542;0,376962164141;-0,814372276715;0,850860623631;-0,468292103836;1;0;0;0;1;0,99999999941
-0,325931585531;-0,452700646508;-0,878035153013;-1,70684576361;-0,494334531346;1;0;0;0;1;0,724024347544
-0,589481038515;0,62896499252;0,487329123215;-0,554820797749;3,27178275094;1;0;1;1;1;0,967667424831
0,211980433372;0,107235034755;1,47720532873;0,372820992714;0,807143831936;1;0;1;0;1;0,99650982942
-0,781536487055;1,00949618574;-1,04910092481;-0,290983583024;-2,33035863632;1;0;0;0;1;0,993590239175
1,14880761845;-1,74837228;-0,796768930311;0,246449258207;1,14803978344;1;0;0;0;0;1,00000009947e-07
-0,352046456583;-0,47852821045;-1,11314851074;-0,269348130964;-0,240116874284;0;0;1;1;0;4,50000049877e-05
-0,57746800106;1,49318484063;-0,480485227044;1,2805209266;-1,74544030678;0;0;1;0;0;0,000917317994582
-0,43715953318;0,424799782389;-0,776183890462;-1,90344641952;0,144826651838;0;0;0;0;0;0,0119077250105
-0,56187636355;0,622905462337;-0,111331874672;-0,0776550413999;0,310560313838;1;0;0;0;1;0,999999819458
1,51649060169;-1,10017221859;-0,227624806237;0,117420548336;-0,706496293741;1;0;0;0;0;0,000133117710398
1,10984813893;-2,16454708533;-0,22192200019;-0,274480218132;0,440956164187;1;0;1;0;0;1,00000009947e-07
-1,53290200289;0,074005211685;0,316426916753;-0,131122855662;0,654270193041;1;0;0;0;0;0,0082028345094
0,24353271876;0,734098736497;-0,86455621732;0,21577606345;-1,12710117964;0;0;1;0;0;0,0400387863844
-1,3277554756;-0,509403455422;-0,439062773953;-0,66127694299;-1,10331774676;1;0;1;0;0;0,00274161297007
1,65191539162;0,914158733928;0,937543052031;-1,36915034494;0,138357324986;1;0;1;0;1;0,999999989889
-0,468699779782;0,27916081694;1,12457483753;1,16912354606;0,0757323802746;0;0;1;1;0;0,00100681334698
-0,093636793911;-1,13345995977;-0,780618213906;-0,41923227934;0,113145255522;1;0;1;0;0;7,82316617792e-05
0,837787044495;1,65354723468;-0,263033982231;-1,63237192679;1,12176857432;1;0;1;1;1;0,999999272537
-0,718466221319;-0,594177641624;1,62288518113;-0,210025808025;0,333676634814;1;0;0;0;0;0,0731545490258
-0,526925176126;-1,11254531996;-0,798634290244;-1,75355046064;-0,156740160934;1;0;0;0;0;0,000921484100035
-0,693304527931;1,37767584681;0,890379625579;-0,0643552748032;-0,631153638335;1;0;1;0;1;0,989474488776
-0,279072170787;-0,149789719793;-0,551500633194;0,705804093634;1,62105050748;1;0;0;0;1;0,974337364189
-0,555841134754;-0,211246918632;-0,277975085155;-0,237734026494;0,0977916017905;1;0;1;0;1;0,915910909506
-0,246691878462;-0,936569034136;0,793918367051;1,2766530826;-0,921800949287;1;0;1;1;0;0,0120086105243
-0,0485683527563;-0,886468011111;1,20114550406;0,381958965453;-0,493178962831;0;0;0;0;0;8,64252766879e-07
-0,30596266374;0,0549119698396;1,0891922365;1,04721605509;-0,0378407039001;1;0;0;0;1;0,995211896397
0,364114687355;1,08911201092;1,45128094388;-1,38263282306;0,127656676247;1;0;0;0;1;0,999999997499
-0,170639618239;0,164518708506;0,412780797053;-0,966094459929;-3,04313484258;1;0;1;0;1;0,967724667914
0,331781963916;-1,02362358888;-2,32076377558;1,09297189628;-0,384610792995;1;0;0;0;0;0,043698503463
0,231114934418;0,449936787146;0,171301431637;-0,703667266915;0,475527499246;1;0;0;0;1;0,999999999777
0,511470754698;-0,133370388723;0,872395162513;0,687815078921;-0,0492386288291;0;0;1;1;0;0,000672906774626
-1,51466765378;0,0969042337011;-0,763563825792;-1,28309869203;0,290962076037;1;0;0;0;0;0,0742372744689
-2,11120837326;-0,765999304029;-0,579026452785;-1,56806914561;-1,62158019298;1;0;0;1;0;5,85647355735e-05
0,118849433005;1,86865550033;-0,0153078731923;-0,411312115326;-0,417404252868;0;0;0;0;0;0,00386049623352
-2,0523369839;0,551274211468;0,345284186724;-0,357972281806;-0,69252602132;1;0;0;0;0;3,38917704324e-05
-0,0340672537385;-0,957170471242;-0,673668581279;-0,446737251935;-0,415337398324;1;0;0;1;0;0,00513574565911
-0,502323453109;-0,612987754895;-0,987421149395;-2,13620500038;-1,56609128851;0;0;0;0;0;0,000208295513649
-0,0512978861254;0,424378794934;1,73874301888;0,0906300156783;-0,47246610354;1;0;0;0;1;0,999999885263
-0,70459646368;-1,103752136;1,44655271093;2,03465321893;-0,636767960605;1;0;0;0;0;0,000205590606435
-0,686815652443;-0,59831080372;0,509378841891;1,25495609522;0,901248254481;1;0;0;0;0;0,0679211254762
1,32821469604;0,441383198354;0,0106648618581;-1,19840856258;0,331379358115;1;0;1;0;1;0,999999966054
1,04662884711;0,573675108263;1,71419852577;1,11488218108;0,0886811291311;1;0;1;0;1;0,999998839554
-0,555278351313;0,648229773731;-0,3206892313;0,683406455539;-0,809396597345;1;1;1;0;0;0,00144600615712
0,474911714034;-0,0178636211101;0,0697747577746;-0,335598592028;0,489185585613;1;0;0;0;1;0,999999868588
0,477037238285;-0,0545986553604;-1,07282462706;0,0121705199651;-1,91999112455;0;0;0;0;0;0,017612859323
0,66082029779;3,39037082127;0,828111565769;0,374320874221;-0,409756055442;1;0;1;0;1;0,976763810881
-1,43850664491;-0,279629906981;0,635947897869;0,312058303145;0,637811527523;1;0;0;0;0;0,00184951676687
-0,658010207949;-0,654568638113;-1,1017354126;0,33618151222;0,10917161768;1;0;0;1;0;0,0437472075253
-0,662607275701;-0,65121186936;0,474898626831;1,73225797915;-0,337805188413;0;0;0;1;0;1,04134763225e-05
1,01755863695;-0,736578232272;1,19031064509;0,368604635712;0,480435287129;1;0;0;0;0;0,100230474721
-0,30546963991;-0,601783962092;2,57794265438;1,30055136996;-0,452140126032;1;0;1;0;0;0,0437275461798
1,08079949615;-1,10518272916;-1,029963642;0,9883626995;-0,0954300964623;1;0;0;0;0;0,00204230842869
-1,02600444831;1,39857200634;2,05850086898;1,68475923125;0,5087922074;0;0;0;1;0;0,0023088509406
-0,78860283785;-0,988442922383;0,664570454944;-0,488027222961;-0,700697519971;1;0;0;0;0;0,000902924832253
0,431098928115;-0,82701455619;-0,950077589348;-1,15841660364;-0,759682871257;1;0;0;0;0;0,0180456260569
0,435181490834;0,918341171022;-0,131307112463;0,338147371373;2,97158503328;1;0;1;0;1;0,996786674638
-0,209793171229;-0,171112652265;0,10085866561;1,01282233205;-0,920180526502;1;0;0;0;1;0,992549418794
0,70416728393;-0,0761706715472;-1,77954774715;-0,566591093897;1,15752258181;1;0;0;0;1;0,995664963898
-0,664769435274;1,40468429455;0,549160883181;-2,2365082658;0,112268546968;1;0;0;0;1;0,977002333264
0,778860029784;0,729689191352;2,00824039747;0,467805602967;-0,608838514897;1;0;1;1;1;0,999999986205
1,71506498688;1,04057345572;-0,615268316096;-0,037415013634;2,20532606437;1;0;1;0;1;0,999998983283
-0,833843580535;-0,686024000093;-1,06360051761;-1,02688393837;-0,732733102644;1;0;1;0;0;0,0437580121523
0,578722374616;0,993479982122;1,14425865607;-0,299216322369;1,11407753323;1;0;1;0;1;0,999999996287
0,866366132113;0,164534117606;-1,10917311376;0,123993538996;-0,591946857098;0;0;1;0;0;0,00471658357972
0,0798738186741;-1,10581452856;-0,172836903387;0,432113401706;1,34854185724;1;0;1;0;0;0,000510093492174
-0,72077363182;1,21092038386;-1,02145633708;-0,611712959848;0,880440689856;0;0;0;1;0;0,000839779380536
-0,96185663413;0,299865250136;0,261218000492;-0,432238306954;0,32190370221;0;1;0;0;0;1,00000009947e-07
0,189426237515;-1,07639669494;-0,236110187037;-0,0829221120129;-0,42523022892;1;1;0;0;0;1,00000009947e-07
-0,116302517159;1,3690998462;1,11425467963;0,898500827015;1,07467642177;1;0;1;1;1;0,999999702232
-0,210734180692;-0,209448428273;1,92161155777;0,957297525781;-0,47858832072;1;0;1;0;1;0,771026526342
-1,04917700667;-0,333120901224;0,543648621255;-0,137579581183;-0,839650033769;1;0;0;0;0;0,13954951491
0,150120131188;1,02447486299;-1,2055803956;-1,16554781579;0,692200142934;1;0;0;0;1;0,999999978884
2,10010894053;-0,548627361103;-1,05890092149;-0,198507455577;-0,802419608349;1;0;1;0;0;0,0437366159579
0,020450708525;1,32106926722;1,29919609376;-1,86734559765;0,329259493151;1;0;1;0;1;0,999999804991
0,378423903637;-1,58461664459;2,73520918962;1,54198702771;0,720449424081;0;0;1;0;0;5,03645614075e-07
0,584613749636;0,054553245812;0,601359843881;2,10655860175;-0,874739293701;1;0;1;0;1;0,999991219288
1,38051452831;0,00545772658802;-0,335768542378;-1,48428150613;-0,60814853123;1;0;0;0;1;0,992605937485
-0,715242187223;-0,749725786852;0,207814830703;-0,303958307149;1,43317474127;1;0;0;0;0;0,0437587192999
-0,0555619655245;-0,915979243687;0,278520610602;0,286838523205;-0,875816823363;0;0;0;0;0;3,9851606731e-07
1,59336995138;0,686135255299;1,01526613068;1,06648977746;1,43308002391;1;0;1;0;1;0,999998486427
-0,522616697196;0,536856022232;1,18901180053;-0,674855931043;1,27560202748;1;0;1;0;1;0,995716077124
0,0795019953284;0,0692353265457;0,527288318249;1,27296529299;-0,326590873794;1;0;1;0;1;0,999996232423
-0,262197489402;-0,329038830422;-1,66336058487;0,111038367521;-0,339508996123;1;0;1;0;1;0,975832415615
0,476133278303;0,639356491971;-0,493723874282;-0,00585749811279;0,397608592961;0;0;0;0;0;0,0293287685508
1,31241297643;-0,757510160696;-0,463683013104;0,10188808364;-0,89516798811;1;0;0;0;0;0,0437906868016
-0,701003612253;-0,860325741423;0,427069127739;0,356334107599;1,62841696211;1;0;0;0;0;0,00812491760638
0,00576418589989;1,90504358491;-1,24860020955;1,373998354;-0,167781876539;0;0;1;0;0;0,00254156349142
0,0965858340824;-1,99917741101;-1,43253449522;0,199045427727;-2,2464005694;0;0;1;0;0;1,00000009947e-07
0,881178808925;-1,51532414406;0,991804522903;-0,585210155969;-0,389164984085;1;0;1;0;0;1,00000009947e-07
-1,03895644031;-0,792611650758;0,42303843241;0,194556414446;0,581466657889;1;0;1;0;0;0,000308581787904
0,139097857162;-1,35799783095;-0,738389150369;-1,63055613265;0,980378794905;1;1;1;0;0;1,00000009947e-07
1,48783783188;-0,0107244846593;1,59411403885;-0,642473816319;1,55487239811;1;0;1;1;1;0,967742265279
-1,15591652508;0,129965516019;1,21303635372;1,39044430779;-1,31894478115;1;0;0;0;0;0,0437335828202
0,142458432046;-0,350853615047;0,277587578067;-0,53481116323;0,400904127545;1;0;0;0;1;0,986176546024
-1,41528191977;-0,547627617222;1,15633016538;-0,423679975612;0,6168138849;0;0;0;0;0;1,09145749483e-06
-0,281482115039;-1,31912572418;-0,280334969912;0,0614874404656;-1,16256526522;1;1;0;0;0;1,00000009947e-07
0,250247821348;-2,09363944996;0,947230675692;-0,0444079323684;0,74916475724;1;0;0;0;0;1,00000009947e-07
-0,347542599398;-1,400787434;-0,140513958248;-1,22853757074;0,541435465703;1;0;0;0;0;1,55583335811e-05
1,61554532321;0,339543659905;-0,643538933863;2,48310511271;0,154898225664;1;0;1;0;1;0,999995189597
-0,0929410184795;0,508484791605;-1,08030684722;-1,4306406251;0,230438944862;1;0;0;0;1;0,999999900274
-0,131802793041;-0,275890474751;0,288169818252;0,721231898712;0,733739518696;1;0;1;0;1;0,96315014847
0,310016986579;0,682315245138;-0,686626008241;0,629245190811;-0,105956081619;1;0;0;0;1;0,999999999969
-0,200781015589;-1,44349288894;-0,0332192123311;-0,508024170766;-0,613786417628;1;0;0;0;0;9,89916394013e-07
0,101079151395;-1,15122133494;0,86849725241;0,615771024583;-0,0532176840575;1;0;0;0;0;0,000238790367363
0,45623640318;-0,14881636136;1,18161785314;0,276155443869;-0,536955292638;0;0;0;0;0;0,000681462504138
-0,600259587147;0,444287051412;-0,680295181235;0,554774652988;0,559823773484;1;0;1;0;1;0,995511487324
0,712703325244;-2,16841774735;0,663927110404;-2,21613345571;0,0324641118562;1;0;1;0;0;1,00000009947e-07
0,235386572285;-0,0500372678876;-0,506361787923;-0,261326989915;-0,630470468348;1;0;1;0;1;0,999995067547
-0,0619117105767;0,428332039472;1,19520647043;-0,624068861571;-0,334805580381;1;0;0;1;1;0,999999984539
0,914773270856;-0,587085615779;1,49800968551;-0,645806382207;-1,37830797007;0;0;1;0;0;7,36818067422e-05
-0,363657297095;-0,390635251475;-0,880212545566;0,0396426273275;-0,284222614442;1;1;1;0;0;6,65851962658e-05
-0,634748264909;0,714848355949;-0,587684756586;-0,307073609966;0,355759428248;1;0;0;0;1;0,999998951626
-0,179906231048;0,304042035028;-1,04929735235;0,709899292255;1,06803589634;1;0;0;0;1;0,999998645368
-0,853623696727;-0,469787634155;0,1841734614;0,254068219647;-1,4326824264;1;0;0;0;1;0,186565314972
1,68758948295;0,475392431765;-0,587260767867;-1,8980398885;-1,16773308895;1;0;1;0;1;0,990954504768
0,550043961214;0,207495140718;-0,457483758648;-2,05908538294;2,99152532733;1;0;1;0;1;0,96773477841
0,756406438545;1,36467278147;-1,86058762981;-0,412941275156;-1,22876619131;0;0;0;0;0;0,0437422222247
1,54660915422;0,0951327044554;-0,952351111335;-0,439405825727;-0,644892515928;0;1;0;1;0;2,15153643563e-07
0,0847372921972;-0,307036558595;1,00759205983;-1,83543665543;-0,951338626808;1;0;0;0;1;0,967730084471
-0,974009582804;-0,863004246008;-1,0867828557;0,915610225765;0,163631745977;1;0;1;0;0;0,000518336729114
0,899354053203;-0,57090388633;-0,707931887106;-2,60952500919;-0,198070049692;1;0;1;0;0;0,0437941425888
0,616455716351;-1,65314902448;-0,234117494342;0,95423938565;1,08512896361;1;0;0;1;0;9,92781465656e-07
1,06109525326;-1,07174691816;-0,667393503214;0,466728667414;-0,727835428176;1;0;1;0;0;0,00014393429761
-1,75652739556;1,43300751082;-0,842889697416;-0,929159357105;0,225742069803;1;0;0;0;0;0,000557498201844
-0,4456619701;-0,446959308962;-0,560762421131;-0,052726808988;1,13254984181;1;0;0;0;1;0,684978000228
0,675762415474;-1,09713964993;1,4788076027;-2,17399642996;-0,258780758988;1;1;0;0;0;5,41647608871e-05
0,629711746693;1,45012795133;-1,06062421895;0,819754452082;-0,258273243331;0;0;1;0;0;0,0207099452784
-0,348472448956;0,729560360958;-0,516215987284;1,19358200831;1,87015838793;1;0;0;1;1;0,999997936298
-1,85557165392;-0,507254434082;0,0253793014558;1,18582440763;-1,11369772679;1;0;0;0;0;8,38577320465e-07
-0,224961271044;0,805053093622;0,810984353139;0,647112024499;1,03625304628;1;0;1;0;1;0,999999537022
0,687916772976;1,19707766375;0,333204975058;0,0531929269048;-0,77306692199;1;0;0;0;1;0,999999999985
-0,788963218111;1,76454599658;-0,696955708518;-0,0686352590528;0,283358694175;0;0;1;0;0;2,12719646962e-05
0,518503765888;0,500265872418;-1,19054257552;-0,858810426621;-1,14546193848;1;1;1;0;0;0,0334292107892
0,279627862432;-2,04447707256;-0,401235599513;0,36094990261;-0,158885378289;1;0;1;0;0;1,00000009947e-07
-1,75323735914;-0,805698081611;-0,0836242334273;0,378460412533;-1,79943951694;1;0;1;1;0;2,90411482832e-06
-0,354542403074;-0,566109332896;0,872634566795;-0,568582303141;-1,64170410994;1;0;1;0;0;0,132556811768
0,524914279319;-0,0527994015225;0,661712776916;1,37311638606;-0,553165075261;1;0;1;0;1;0,999992594717
-1,63637926806;-0,0347420615313;-0,00484443653597;-0,579651889846;-1,52033934328;0;0;1;0;0;6,28008392442e-07
-1,16865142442;-0,66530279556;-0,531346919491;0,978228069526;-0,776007105491;1;0;0;0;0;0,000796064207426
0,18184719262;0,892571059637;1,44087030224;-0,0815898798549;-0,0714200255753;1;0;1;0;1;0,999999993889
-1,54044240529;-0,469796485144;-0,205826417783;-0,0480641732276;1,67538956644;1;0;0;0;0;0,000591248568087
-0,678503145418;-2,09481463432;-0,429237403893;1,0985331798;1,40289306984;1;0;0;1;0;1,00000009947e-07
0,454577809058;0,246799211871;-0,491443047402;-2,30479535245;-0,19727020308;1;0;1;0;1;0,996186139573
-0,92151604287;0,209208082437;-1,07486233391;-0,658878760701;1,37068146839;0;0;0;0;0;0,000351951786265
0,196278045472;0,101939134905;0,345075406845;0,591190651473;-0,564795167352;1;0;0;0;1;0,999999971208
-0,256092192198;-0,190703432645;0,846307837223;-1,60873843469;-0,233386020256;1;0;1;0;1;0,978895522605
-0,484987596562;1,369351688;-0,22397115142;1,71439383448;-2,07485622665;1;0;0;0;1;0,967709287961
0,368742058011;2,365055532;-1,13344115426;-1,34652889551;-0,455711994078;0;0;0;0;0;0,000563974738897
1,71230497732;1,10256519944;0,281819310693;1,17884728859;0,937609547717;1;0;1;0;1;0,999999971803
0,119245236428;0,201837472289;0,106497772201;0,386893969204;0,707369557331;1;0;1;0;1;0,999999947632
-0,675482291592;0,899355675857;-2,6325076461;1,26449613364;-0,671733976876;1;0;0;0;1;0,967680433159
0,787738847475;-0,0569705338033;0,497932992929;0,0372410610932;-0,881356062681;1;0;0;1;1;0,999999678449
0,0993275940878;-1,16618470737;-0,740918614775;0,278374001553;-0,970491872039;0;0;1;0;0;1,00000009947e-07
0,395295870013;-0,756981356946;-0,72671252809;-0,220909642462;-0,800727074104;1;0;0;0;0;0,123380899669
-0,516759449744;-1,71448769638;-0,525321834656;-0,343124840405;2,04323321253;1;0;1;0;0;5,98595888015e-07
-0,625039267849;-1,64849481838;-0,534616652198;-2,02985709293;-0,494322917188;1;0;0;0;0;1,42058941677e-06
0,157353347216;1,61657763715;-0,824293327672;-1,57147258553;-2,35978263907;1;0;1;0;1;0,983385322599
0,701784335375;-0,358936560585;0,954968861112;-1,58489760808;-0,0262386429965;1;0;1;0;1;0,952624400127
-0,299762496646;1,67557215583;0,354918895732;1,63616438659;0,589335500715;1;0;1;0;1;0,995040182912
2,39745248005;-0,00398894434998;0,0762644051387;-1,41453247474;0,898379755643;1;0;0;0;1;0,997465526877
-0,1582940287;-1,4045458611;0,192114963877;0,18291685067;-1,47712041032;0;0;0;0;0;1,00000009947e-07
-0,458390139092;-0,125199978688;0,273038419163;0,0204776647071;-0,566592582057;1;0;0;0;1;0,990727789783
0,845731540189;1,15044918638;1,42751965592;0,580156856563;-0,318468478289;0;0;0;0;0;0,0384914503904
0,0904966471392;0,386084438184;-1,98295385072;1,12056903071;0,71104652202;1;0;0;0;1;0,999995760974
-0,550223741489;-0,667342096176;-1,02562705123;0,906392247143;1,06713532119;0;0;1;1;0;1,57283634071e-05
0,221019468561;-0,265283774864;0,688327722261;1,7511310827;-0,747655464468;1;0;0;0;1;0,987601879887
-0,0829199423392;0,159370441161;-0,592140627394;0,144956274657;0,825075725329;1;0;1;1;1;0,999999325617
0,622033235871;0,823610902622;1,60352059838;0,782087200346;-0,967837023817;0;1;1;0;0;2,05889336085e-06
0,941165806724;-0,0379576270546;0,295159338035;-0,456577687019;-0,868606252323;1;1;1;1;0;0,000633308526783
-2,66092279847;0,510097928228;-0,04934452974;-1,01064089391;0,269165410758;1;0;1;1;0;1,00000009947e-07
0,485459978905;0,387083119576;-1,54589181325;0,677129117027;-0,722831460448;1;1;0;0;0;0,0420461928356
1,40405026771;-1,10832791182;0,114629724838;-0,535887467461;0,888692440655;0;0;0;0;0;1,00000009947e-07
1,99721338475;0,16545741949;1,2346701399;0,0147046935474;1,4264917431;1;0;0;1;1;0,994927513819
-0,446557216427;0,229395495708;-0,413191495213;-0,196626923219;-0,0652582755904;1;1;1;1;0;0,000930703211035
-1,21759998776;0,902876414499;-0,041858030324;1,61863073979;-1,28742628778;1;0;0;0;0;0,0437502359387
0,903516426362;-0,58188368687;-2,05814136475;0,486997818357;1,15136467995;1;0;1;0;0;0,455413978417
1,87786402105;1,42345912865;1,40087647763;-1,08270251099;0,603257019789;1;0;1;0;1;0,99999965805
2,48799787722;0,698135808859;-1,91601821803;0,490986408184;-0,254293407505;1;1;1;0;0;0,0185985492019
0,552157714219;-0,163128989885;0,641551431409;1,83879660034;-0,627376645698;1;0;1;0;1;0,994406340235
0,418982404924;-0,42222700319;0,759576936893;-0,655267139665;0,0963710077702;1;0;0;1;1;0,944739938863
0,121318377491;1,18374591228;-1,45408914493;0,62952138429;-0,148875337173;1;0;1;0;1;0,99999999286
-0,333207383669;1,11613661549;1,44786401313;-0,0312199959602;0,395353330684;1;0;0;0;1;0,999999838665
0,543194059232;-0,747929970916;0,882493210398;1,39392544528;-2,0742065857;1;1;1;0;0;0,000968741308461
1,33551761506;-0,351196229557;1,7790383615;0,696725381554;-1,63563340168;1;0;1;0;1;0,967677064656
0,480625599875;-0,821258543529;0,372910426411;-0,424129128869;0,207376636371;1;0;0;1;0;0,0437332464375
-0,0974512501056;-0,298582885152;0,247700474422;0,130018231302;0,524644402691;1;0;1;1;1;0,957846578802
0,538482032103;0,0345276713215;0,25754594594;0,205061938233;1,22658542111;1;0;1;0;1;0,999999366325
1,23667580008;1,53242362163;0,945466684608;0,172659183963;1,54052050649;1;0;1;0;1;0,999999760987
2,19881034888;0,619850074569;2,28196695573;-0,842326346048;0,65099327957;1;0;0;0;1;0,991370035115
0,241045932501;-0,151031579052;1,14009020938;0,288570307269;-2,49168698142;0;0;0;0;0;0,0437645484504
0,144104662462;0,319481462545;-0,397028133395;0,664288591501;-0,278925581492;1;0;1;0;1;0,999999995657
-0,971994211476;-1,55782224849;-0,229828765324;-0,721340330848;-0,133307420234;0;0;1;1;0;1,00000009947e-07
-0,828174270397;-1,54591665207;0,157479547884;-0,140313752019;-0,758592472255;1;0;1;0;0;1,00000009947e-07
0,670695968734;0,22761493994;0,709185621253;0,352533747159;3,4459919782;0;0;0;0;0;0,0437338152784
0,630754115651;0,591946003397;-0,272057268567;1,22438538129;0,448760305226;1;0;0;1;1;0,999999999941
-0,764606013754;1,08174184818;1,53714488559;0,0425133093059;-0,673769295614;1;0;0;0;1;0,995563854145
2,08671743449;0,853615666783;-0,444960875476;-0,878441856375;-0,166712862494;0;1;0;0;0;1,00042208492e-06
0,779965118336;1,75175714976;-0,723653214316;-0,109079876118;-0,24525312915;1;0;0;0;1;0,99999999596
-1,57214415915;0,069236477853;-2,2027348801;0,631846158957;-0,593989980081;1;0;0;1;0;0,00275724407618
-0,201458146971;0,192000371139;1,31664471073;-1,71404332731;0,646328884939;1;0;0;1;1;0,999992173876
0,448209778629;-1,08914519088;-0,163877591583;1,48822116821;0,0455114176114;1;0;0;0;0;0,0039888951177
-0,133150964329;0,426020486679;0,376474894416;1,98511178276;0,59295091786;1;0;0;0;1;0,999999361275
0,736495964773;-0,138336328543;-0,281624278791;-1,71051632222;-1,21492788423;0;0;1;0;0;0,000303386098825
1,05418102338;1,77323863193;0,00415968001844;-1,10076626214;1,73154802913;1;0;1;0;1;0,999998243293
-1,23627311888;-1,1619375576;-0,137750126949;0,650333599102;-0,253272863744;1;0;1;1;0;1,46878266552e-06
-0,0428704572913;0,470492731954;0,834095065661;0,158047162065;-0,586900242207;0;0;0;1;0;0,0273628741476
1,08477508986;0,659804376893;-0,250990643748;0,385040501175;-1,07415455414;1;0;1;0;1;0,999999998925
-0,349754239211;0,578334940469;-1,8563605863;-0,735026404403;-0,282203311332;1;0;0;0;1;0,999999730601
-0,321324842168;-1,34295751068;-1,95678478419;0,192863736911;-0,826313344779;1;0;0;0;0;0,000530433502865
-1,06332613397;0,125033883665;1,01207034076;0,800893238075;0,299645255806;1;1;0;0;0;3,41586432168e-05
-0,265651625278;-2,3137357739;-0,508511681872;-0,976415461234;0,561680015246;1;0;0;1;0;1,00000009947e-07
0,164840867918;1,01875797234;-0,210170159622;-0,732566487362;0,619530244649;1;0;1;0;1;0,999999999511
-1,26015524476;-0,0659609463525;-1,06381135184;0,40088186704;-1,39706392021;1;0;1;0;0;0,0856061616126
-1,07742065311;0,368377328533;1,84364554004;-0,0250080580965;0,193770942237;1;0;1;0;0;0,122758603582
-0,721604440436;-0,290715989241;-0,0646522280999;0,417823594928;-1,70618749954;1;0;0;0;1;0,779075078242
-0,651949901695;3,18404447407;1,26799658618;0,541704658218;-0,655838098814;1;0;1;1;1;0,967692276463
-1,54777654364;-0,433899349823;-0,538226303472;-0,178001417031;1,71226784466;1;0;0;0;0;0,000599069222587
-0,571850057896;0,407946196248;-0,247773863902;0,091230160107;-0,238649090589;1;0;0;0;1;0,999999254521
1,01915706933;0,307726791211;-0,21489294326;-0,46569225448;2,16952579241;1;0;0;0;1;0,999999834701
-0,28039533517;0,117459584627;-0,00324112682536;-0,751698873597;-1,00953678418;1;0;1;1;1;0,993711784824
-0,527234257234;1,48811992838;1,63686401169;1,20552835669;-0,331369056734;1;0;1;0;1;0,975108235671
-0,0273469664137;0,656513410579;-0,920484878073;1,19787605791;0,554743570423;0;0;0;0;0;0,0262593072805
1,23667504642;-0,94405769165;-0,454417850708;0,272107368016;-0,940116280193;1;0;1;0;0;0,000519286872419
-0,186120699373;0,461192454212;-0,124268503812;-0,0197490555704;0,0809770830406;1;0;1;0;1;0,999999981191
-0,0288415529283;-0,431661100382;-0,411697868988;-0,0584092798452;-1,11280918419;1;0;0;1;1;0,955015604026
1,96624801546;0,569778969606;1,1293449285;0,257777483087;0,419863624728;1;0;1;0;1;0,999997760089
2,18733299302;0,439130388389;-0,964053610495;-0,582122130086;-1,68509594571;0;0;0;0;0;0,0141953301303
0,143623234663;1,66152394535;-0,773312386463;-0,294231849493;-0,889284398071;1;0;1;0;1;0,999999918283
0,976973386686;-1,18559164904;-0,318962623738;-0,773066829488;-0,316606290645;1;0;0;0;0;1,08349729405e-05
0,497850478229;0,227542728569;-1,1726088602;0,124378266479;-0,54388851661;1;0;0;1;1;0,999999991142
-0,640706008305;-0,453646374057;0,330680560252;-1,3675878016;0,450377169869;1;0;0;0;1;0,855948042607
-0,0885651121389;-1,00225987371;0,90086933975;1,94533707766;0,301398927192;1;0;0;0;0;0,00737045204462
-0,0756250807798;0,381591622693;-0,27995784849;0,0549578832348;-1,29312944938;1;0;1;0;1;0,999999960437
0,769042241001;-0,957849392151;1,63398965671;-0,545911952357;0,315788060527;1;0;1;1;0;0,00235842891212
0,271066756751;-0,475615024211;0,257408211141;1,25185533605;0,141241738837;1;0;0;0;1;0,950128579945
-1,24104449681;-0,00684630317267;-0,784989305337;-0,191218200357;1,30512922116;1;0;1;0;0;0,0436841637299
-0,993698591099;-0,307257232989;0,574312736347;-1,40678671661;-0,698403948312;1;0;0;0;1;0,584105245869
-1,38948352399;-1,40349008472;-0,859014614409;-0,337547843522;-1,54755722071;1;1;1;0;0;1,00000009947e-07
-0,0752631976487;-0,220684347251;-0,206189006458;-0,656866217135;-0,138813893175;1;0;0;1;1;0,991909746441
0,374643568005;0,292679118417;-0,233948301012;1,09417150105;1,61447746884;1;0;1;0;1;0,999999912187
-0,728891229291;0,898396240683;0,140655531725;0,146584016804;-1,99632720673;0;0;0;0;0;0,0063288267315
0,740814523726;0,952556524628;0,0559444258531;0,110221751018;-0,123729489634;1;0;0;0;1;0,999999999996
-1,13558847037;0,112463812552;-0,51183269458;0,155188360209;-0,676675596368;0;0;0;0;0;2,35525776531e-05
0,959005377788;1,45996594474;-0,53593745634;0,68209949674;0,0258731020851;0;0;1;1;0;0,0437722995558
0,0192592746254;-2,69532936912;-0,0665452110109;-0,349720994347;-0,428251372733;1;0;0;0;0;1,00000009947e-07
-0,849704346034;1,57530770684;-0,554620450063;-0,72880724892;-0,692515474185;1;0;0;0;1;0,967706431133
0,359813827057;2,83222602392;0,652947502778;-0,503633417134;1,52787010455;1;0;0;0;1;0,978932230273
0,365018751433;0,0219310628184;0,73061393946;0,0469274542718;0,0629377155423;1;0;0;0;1;0,999999860322
-1,18620658531;-0,523626697886;0,218192085822;0,127064314827;0,239222737737;1;0;0;0;0;0,00483372588481
1,51239542683;1,04782692648;-0,0643819052069;-1,02579127078;-0,449337685076;1;0;0;0;1;0,999999998288
0,355587611628;1,37875466886;-0,607078196072;-0,297479614412;1,12716590131;1;0;1;0;1;0,999999995015
0,79738050055;0,509206113654;0,51855717035;0,181456387646;-0,804029989369;1;0;1;0;1;0,999999998592
-1,52931053118;-1,13402124476;0,402171012485;-1,55491383941;-0,382712339329;1;0;1;0;0;2,08314017797e-05
0,0912673834882;0,923380038331;-0,799226924513;1,48370145305;0,388143801506;1;0;0;1;1;0,999999982734
1,4456622411;0,213674518441;0,435007205526;-0,851991888129;1,61208119737;1;0;1;0;1;0,999998073812
-1,96661715663;-1,26190046287;-0,0488767679737;1,45374084383;-0,858549301944;1;1;1;1;0;1,00000009947e-07
0,214445309582;-0,319837791741;0,0142226956806;-0,457880856793;0,791572694963;1;0;1;0;1;0,976544862711
2,57544976372;2,44799800702;1,08529588093;-0,652702548747;-1,13869818203;1;0;1;0;1;0,967705186408
-1,00537758159;0,472800423111;1,96963413281;-0,67253669041;-2,45149100964;1;1;1;0;0;0,00981115073337
-1,0550170426;0,557245746379;1,29073392779;-0,399087420249;1,70332330213;0;0;1;0;0;0,000134232901741
-0,445935027212;-0,210424583643;-0,184779206139;0,185919886253;-0,405102186288;1;0;1;0;1;0,943265922987
-0,0365372222047;-1,56715009883;-0,185466629123;0,961930078149;0,237540119596;1;0;1;0;0;1,9700794147e-07
-0,904215025621;1,37527530471;-0,503738767198;-0,249252612009;0,351407773967;1;0;0;0;1;0,967676524133
-0,608557178316;0,216936344144;0,90020365726;-0,809248936707;1,15565715134;1;0;0;0;1;0,997115183251
-0,717218161574;1,16128925574;-0,593402125001;-0,558897599389;0,0174532471597;1;0;0;1;1;0,995665645838
-0,441163216905;-2,17412464923;0,70274893101;1,79026621899;-1,12632173407;1;0;0;0;0;1,00000009947e-07
-0,105671334004;-0,679112270458;0,626081345377;-1,22818361936;-0,642231450885;1;0;1;1;0;0,0315196557752
-1,22071771225;-0,33433805217;-2,16893467444;-0,580987627977;-0,169301386573;0;1;0;0;0;1,47133194625e-06
-1,00837660828;0,173104873493;1,71476299217;-0,344484706334;-0,230609646495;0;0;0;0;0;0,000138398009145
0,181303479749;-0,105559908794;-0,503339522316;0,302076563812;-0,0697009880184;0;0;0;0;0;0,000853631886401
0,96126415181;1,3259083426;0,378571522244;-0,4262011029;0,648003818355;1;0;0;1;1;0,999999999946
0,301153362167;0,825149727768;-0,78713559493;-0,317360284163;-1,16383957087;1;0;0;0;1;0,999999999853
0,790385343888;-1,71037966639;-1,5164790356;0,630457130487;-1,27736005341;1;1;0;0;0;1,00000009947e-07
-0,141261757283;0,126147069098;0,242843946422;0,742349498291;0,922301059108;0;1;0;0;0;1,14154917338e-07
-2,24905109033;-0,666654380122;-1,75569401654;1,02541957291;0,380156936737;1;0;1;0;0;1,00000009947e-07
0,817659446374;-1,16809162212;-1,01556474815;-0,404069681572;0,95188943448;1;0;0;1;0;0,000371437194146
-0,225770985659;1,15791046657;-0,0119223793666;0,21592620623;-0,468870655033;1;0;0;1;1;0,999999998209
-1,09599626707;0,768507431882;-0,493883100845;-1,19293202005;0,787040338989;0;0;0;1;0;0,00031494683364
-1,35807905937;0,214479375285;0,726564197606;-0,22862103609;-0,14548558323;0;0;0;0;0;3,96307127683e-06
0,982113002523;0,829573979321;-0,82622386387;-0,677023065283;-0,413688070505;1;0;0;0;1;0,999999999803
0,346103619554;-1,18748607601;0,350256179524;0,397018504857;-0,870549994901;1;0;0;0;0;0,000159715091997
-0,461038338884;0,477114245377;-0,243098209585;-0,407847758249;0,038436841476;1;0;0;0;1;0,999999948978
0,739947510877;1,29904996668;-1,05960960299;-0,485252516093;-0,122634825795;0;0;0;1;0;0,0436752508864
-0,295071482992;0,300131566881;-0,407966690318;-1,32884232612;0,405770114829;1;0;0;0;1;0,999999797357
-2,22498769649;-0,453913733381;-1,16618980661;-0,526720687743;1,19882598974;1;0;1;0;0;1,08316738996e-06
-1,68669331074;0,228556973262;-0,823516726519;-0,472170080106;1,48433728416;1;0;1;0;0;0,000717813022582
-0,427279287205;-0,790607785723;0,125964082145;0,549337333015;1,10613338969;1;0;1;0;0;0,0149278817919
-0,239351567138;-0,144611070136;-0,121476364908;2,02629406134;-0,616103464567;1;0;1;1;1;0,967691444283
1,77950290978;-0,150209374168;-1,61232868795;1,31565404077;0,463215859683;1;0;0;0;1;0,99544793684
0,986365859895;0,107188816567;-0,852178292364;-0,364461374099;1,58196744707;1;0;1;1;1;0,999998918062
0,492228570064;0,0650680194922;-2,30747434204;1,33204012252;-0,386892082931;1;0;1;0;1;0,999997293992
-1,22292617937;1,03192255653;0,74361132781;0,500876131101;0,924698947332;1;0;1;0;0;0,0630029015282
-0,122708660977;0,806184855447;1,46178591518;-0,651135024934;1,53836358802;1;0;0;0;1;0,999998832905
0,368964527385;1,48240271846;-0,0810548925113;-0,913005530684;1,04532279459;1;0;1;0;1;0,999999991062
-0,10578416765;0,768007713717;2,12605185376;-1,94070545397;-0,719146277753;1;0;1;1;1;0,994957931574
0,267835015332;0,578589291609;-0,816447225812;0,244262635869;0,610203857819;1;0;1;0;1;0,99999999951
-0,413676513592;0,307390076162;-2,01286872832;-0,140308776264;0,468351598166;1;0;0;0;1;0,997012820559
-0,895363357978;0,15659532335;0,391720547858;0,591140522436;0,720730133867;1;0;0;0;1;0,905413222188
0,253318513995;0,331434398228;-0,199867234998;-0,758114724994;-0,522744336368;1;0;1;1;1;0,999999915011
0,548396959508;-2,37740692539;0,175588348517;-0,231484944965;0,108830210145;1;0;1;0;0;1,00000009947e-07
-0,601892845985;-0,82098669712;-0,67880761888;1,47833445942;0,834371493938;1;1;0;0;0;1,66918565785e-06
1,19160126851;-1,25142446892;-0,562776208353;0,776055388703;1,18231429884;1;0;0;0;0;0,000245460263141
0,0705083914246;-0,132175132857;1,21922764704;-0,697284584552;-1,28415776513;1;1;1;0;0;0,00144733969312
1,36065244853;-0,630967866661;-0,284903481551;-0,776166909934;0,83293699606;1;0;1;0;0;0,0664595242239
-0,502198718343;0,806108868375;0,0500529319191;-0,827844692805;0,668860732126;1;0;0;0;1;0,999999922776
0,856923010899;0,463796141568;1,14568121778;1,56983056712;0,793099799155;1;1;1;0;0;0,0437013853069
-0,374580857767;-0,835894053394;0,712270455854;0,591248734948;0,245466542403;0;1;1;0;0;1,00000009947e-07
-0,990507630467;-1,28901947385;-0,204762719552;0,940523613128;0,804554506792;1;0;1;0;0;1,52179686189e-06
0,00168368848421;0,253726309684;-1,23769284057;0,864717315823;-1,10069412034;0;1;0;0;0;8,75556354737e-07
-0,492937424162;0,42786648761;0,0984896489447;0,320066756976;0,619616219205;0;0;1;0;0;0,000485150956164
-0,444781978337;-1,58499126821;-0,580165079132;2,54036862386;0,979682304929;1;0;1;0;0;5,32052424845e-06
-1,19736350237;1,39466313221;-0,344550362435;-0,375340288324;1,2816488994;0;0;0;0;0;2,6593303759e-05
-1,67112705864;-1,27121697156;0,960755490376;1,40044430321;0,759275035989;0;0;1;0;0;1,00000009947e-07
-0,558456912348;0,631523127781;-0,900444693895;0,804032290143;0,324860466267;1;0;1;1;1;0,995869371626
0,313228771994;-1,28000893889;-0,783100637318;0,299490676959;-1,42763817342;1;0;0;0;0;0,000133276826094
0,120719329287;-1,93994015479;0,136823618948;0,584580583679;0,184011110655;1;0;1;1;0;1,00000009947e-07
1,05432227198;0,0722613190889;-2,32900346368;0,179047539277;0,925939991622;1;0;0;0;1;0,999981332143
0,0111291872209;0,847842768893;-0,705398341627;0,214394673941;0,385927146862;1;1;0;0;0;0,0351233463571
-0,0903195939659;1,9536678799;-0,777316643417;1,16812642719;0,0992681566008;1;0;0;1;1;0,999983652946
1,86685184471;0,324825313349;0,557012225188;-0,187121427737;-1,34221036389;1;0;0;0;1;0,999999043402
-0,368352575127;-1,3836771383;-0,673715819136;1,50662404052;-0,341476452668;1;0;1;0;0;2,29915655766e-05
-0,0283950547491;-1,65325556323;-0,0376828117706;0,415290004059;0,841849795634;1;0;1;1;0;1,00000009947e-07
0,243687429599;-0,427196386338;0,389330878142;0,247672409337;0,152877951357;1;0;0;1;1;0,969542296358
0,127992965684;-0,307556909596;-1,94585208982;-1,37736386169;-0,316538046267;1;0;0;0;1;0,969713603673
-0,0285467553487;-0,189846637678;-0,347027822807;1,01455115132;-2,75360875415;0;0;1;0;0;0,0140521234588
0,460916205989;0,249725735985;-1,80689296409;0,913491890443;0,231389929911;0;0;0;1;0;0,0437227738032
-0,996838982378;1,26103493646;-1,17171869923;-0,982946998027;0,920851504046;0;0;1;1;0;8,86137821983e-05
1,26318517609;-0,706321492388;-0,526310287635;0,671453526554;-0,339482321326;1;0;1;0;0;0,0638024791746
-0,938538703607;-1,14777075046;0,0314406650264;0,869691283219;0,382329981107;1;0;0;0;0;1,16911446571e-05
-1,03813103969;1,28395701047;-0,162851522524;0,939339897412;0,974334700699;0;0;0;1;0;0,000261230397667
-0,521117317553;0,741277377171;-0,029678301002;-0,922585422454;-0,53490937463;1;0;1;0;1;0,999997985021
-1,34224312528;1,17758441381;-1,70379840551;0,542106621872;-0,0972534984139;1;0;0;0;0;0,0423432854089
2,41677335379;-0,491405300209;-0,478543237764;0,387584918041;-0,168162991818;1;0;0;0;1;0,832353409072
-0,59461726746;1,10799504098;-0,565157514042;1,98714880815;1,34694517132;1;1;1;1;0;0,00736940493364
-1,18843403515;0,622409782886;0,330602226294;-1,15579938528;-2,34448637436;0;0;1;0;0;0,000408013370601
-1,50775731754;-0,0433473543477;0,790371602039;0,620988963444;0,707752121417;1;0;1;0;0;0,000214964002707
1,18118089144;-2,24869006682;-1,44068097827;0,252085033197;0,506998351119;1;0;1;0;0;1,00000009947e-07
1,90236182168;0,650778363154;-2,09089194049;1,88010634327;0,1559906019;1;0;0;0;1;0,997343740796
-0,370660031792;0,230633640499;0,250077353606;0,144840039348;1,67812825011;1;0;0;0;1;0,999996797629
1,13105465185;-0,557643627318;0,0763983799959;-0,37033104573;-0,14405814263;1;0;1;1;0;0,190335830418
-0,184308868842;-0,34467586392;0,691368840964;0,0993084268809;-1,23126609337;1;0;0;0;1;0,967667105017
0,834401567757;-0,379415798181;1,29187572312;-1,3529018495;0,491146204123;1;0;1;0;1;0,967698377519
-1,35383433572;-0,16445308828;1,11000382848;-0,565728393718;-0,521432196322;1;0;1;0;0;0,00386109099961
0,845013004067;0,883002311017;-0,177058947394;-1,24072906758;-1,18906159125;1;0;0;0;1;0,999999994763
0,20556120845;1,04389134831;0,447020452654;0,219787376146;1,1297120093;1;0;1;0;1;0,999999998868
0,381425829451;-0,74069052219;-1,2508442776;-0,542570527423;-0,551874495501;1;0;1;0;0;0,0532863142658
1,14526311038;-0,0384567937093;1,63006733461;-0,496873947471;-0,728562623202;1;0;1;1;1;0,994384155362
-0,0966860732067;-0,255509102547;0,850039778212;-0,798532957525;0,420695958687;0;0;0;0;0;0,000590233423469
0,454769268983;1,37305204498;1,21494843098;-1,02543755537;-1,06846647572;1;0;1;0;1;0,999999994369
-1,50916653733;1,12035502843;0,774384606618;0,430427805191;0,747985102746;1;0;0;0;0;0,0177512794028
0,333902942499;2,0055732743;0,624591683369;-0,488032453802;1,17798559054;1;1;0;0;0;0,0437795862397
-0,913566048165;-1,06800486773;0,0517969525608;-0,887213958856;0,474748254025;1;0;0;0;0;0,000544042286965
